UID,PHASE,organ,icrp_dose_mGy
1,plain,LIVER,4.2840757097565465
1,plain,HEART,1.5586252771538824
1,plain,SPLEEN,4.025803362926301
1,plain,MUSCLE,3.5072257409321095
1,plain,KIDNEYS,4.467710593821619
1,plain,BONES,2.7242597446561354
1,plain,STOMACH,3.9500995221910506
1,plain,VESSELS,3.364657456659129
1,plain,SPINAL CORD,2.880658779695335
1,plain,PROSTATE,3.632
1,plain,URINARY BLADDER,4.843360355020403
1,plain,PANCREAS,3.765251723089485
1,plain,GALL BLADDER,3.4149290682677127
1,plain,LUNGS,0.9536232112228489
1,plain,BOWEL,4.257158429422969
1,venous,LIVER,4.425772639735995
1,venous,HEART,1.6055123448915354
1,venous,SPLEEN,4.163944304883674
1,venous,MUSCLE,3.605057308388966
1,venous,KIDNEYS,4.615516307790302
1,venous,BONES,2.7844726779807303
1,venous,STOMACH,4.054307838484303
1,venous,VESSELS,3.4629390471667794
1,venous,SPINAL CORD,2.9864796207715782
1,venous,PROSTATE,3.729438202247191
1,venous,URINARY BLADDER,5.000357796586674
1,venous,PANCREAS,3.858092293985095
1,venous,GALL BLADDER,3.5088707991212233
1,venous,LUNGS,0.9781326510864589
1,venous,BOWEL,4.376894479239363
10,plain,LIVER,3.6422124315756097
10,plain,HEART,1.3413673082925197
10,plain,SPLEEN,3.5838313261003902
10,plain,MUSCLE,3.100862670909721
10,plain,KIDNEYS,3.7112700178416773
10,plain,BONES,2.416437738258953
10,plain,STOMACH,3.396218916337105
10,plain,VESSELS,2.9156914746375286
10,plain,SPINAL CORD,2.470523563357105
10,plain,PROSTATE,4.008943864604019
10,plain,URINARY BLADDER,4.3122114735000565
10,plain,PANCREAS,3.3616477774877183
10,plain,GALL BLADDER,2.5866746283915862
10,plain,LUNGS,0.8370451933398505
10,plain,BOWEL,3.7555901757646946
10,venous,LIVER,2.3520169162489406
10,venous,HEART,0.8651391320256451
10,venous,SPLEEN,2.3291755438676973
10,venous,MUSCLE,1.9757816932737744
10,venous,KIDNEYS,2.3893502144263
10,venous,BONES,1.5343613527152062
10,venous,STOMACH,2.1748773948431275
10,venous,VESSELS,1.8712408189675174
10,venous,SPINAL CORD,1.5878649561039824
10,venous,PROSTATE,2.570887080215404
10,venous,URINARY BLADDER,2.7673773250997953
10,venous,PANCREAS,2.137720267018591
10,venous,GALL BLADDER,1.8510985951851953
10,venous,LUNGS,0.527184702799604
10,venous,BOWEL,2.3981246573083053
100,plain,LIVER,4.292765339277913
100,plain,HEART,1.5410051647719587
100,plain,SPLEEN,4.227232070120701
100,plain,MUSCLE,3.6104901166918264
100,plain,KIDNEYS,4.465214214868833
100,plain,BONES,2.79445371803807
100,plain,STOMACH,3.949220372439659
100,plain,VESSELS,3.31803742605457
100,plain,SPINAL CORD,2.8903979777363964
100,plain,PROSTATE,3.662117647058824
100,plain,URINARY BLADDER,5.143529018177427
100,plain,PANCREAS,3.871431449006934
100,plain,GALL BLADDER,3.172097803172471
100,plain,LUNGS,0.9181532496830974
100,plain,BOWEL,4.352561015676487
100,venous,LIVER,3.48822836402932
100,venous,HEART,1.2645846421374785
100,venous,SPLEEN,3.4272550675343085
100,venous,MUSCLE,2.91419693715956
100,venous,KIDNEYS,3.6526108980067367
100,venous,BONES,2.247704720706899
100,venous,STOMACH,3.175026166755043
100,venous,VESSELS,2.7322771027436903
100,venous,SPINAL CORD,2.3503623321244715
100,venous,PROSTATE,2.9548235294117644
100,venous,URINARY BLADDER,4.175360466509554
100,venous,PANCREAS,3.1235719455900304
100,venous,GALL BLADDER,2.749585118494892
100,venous,LUNGS,0.7554864201379661
100,venous,BOWEL,3.5127051783848953
101,plain,LIVER,3.7997637389605172
101,plain,HEART,1.3874237342294198
101,plain,SPLEEN,3.71495385226467
101,plain,MUSCLE,3.1796406119991403
101,plain,KIDNEYS,3.9036240464252305
101,plain,BONES,2.451243351493614
101,plain,STOMACH,3.581526688086973
101,plain,VESSELS,2.988976947101897
101,plain,SPINAL CORD,2.521772229829882
101,plain,PROSTATE,3.271304347826087
101,plain,URINARY BLADDER,4.560290821141422
101,plain,PANCREAS,3.3643124329367815
101,plain,GALL BLADDER,2.930670719598669
101,plain,LUNGS,0.8449000548973138
101,plain,BOWEL,3.809831452534118
101,venous,LIVER,3.407712547572627
101,venous,HEART,1.2412021080038176
101,venous,SPLEEN,3.35708037571091
101,venous,MUSCLE,2.8312698287803357
101,venous,KIDNEYS,3.5039720702429165
101,venous,BONES,2.1714819982746425
101,venous,STOMACH,3.1929597097103013
101,venous,VESSELS,2.678981435333824
101,venous,SPINAL CORD,2.263039212710582
101,venous,PROSTATE,2.9116483516483513
101,venous,URINARY BLADDER,4.0798224952309665
101,venous,PANCREAS,2.9955855212575875
101,venous,GALL BLADDER,2.6535194553396617
101,venous,LUNGS,0.7490412265895463
101,venous,BOWEL,3.3847898110311454
102,plain,LIVER,3.725768801917718
102,plain,HEART,1.362674552252074
102,plain,SPLEEN,3.8202775717908093
102,plain,MUSCLE,3.0166723994772573
102,plain,KIDNEYS,3.7647883360997856
102,plain,BONES,2.365357549788319
102,plain,STOMACH,3.5233317014329693
102,plain,VESSELS,2.8340624506834957
102,plain,SPINAL CORD,2.5037103563761884
102,plain,PROSTATE,3.168
102,plain,URINARY BLADDER,4.284069076858301
102,plain,PANCREAS,3.2862381224622412
102,plain,GALL BLADDER,2.910050318523771
102,plain,LUNGS,0.8025180636798738
102,plain,BOWEL,3.6748961267543057
102,venous,LIVER,1.8666618121200205
102,venous,HEART,0.6846919559235296
102,venous,SPLEEN,1.9175628464625818
102,venous,MUSCLE,1.5119703802384619
102,venous,KIDNEYS,1.9128539768924602
102,venous,BONES,1.1772638092063845
102,venous,STOMACH,1.7674643375567556
102,venous,VESSELS,1.4428194760447834
102,venous,SPINAL CORD,1.2584897550995107
102,venous,PROSTATE,1.584
102,venous,URINARY BLADDER,2.1494541037051005
102,venous,PANCREAS,1.6437494285952439
102,venous,GALL BLADDER,1.4701231268758432
102,venous,LUNGS,0.40654576299572903
102,venous,BOWEL,1.8315668643106449
103,plain,LIVER,3.5973616182868
103,plain,HEART,1.3614801336345763
103,plain,SPLEEN,3.5778033784903296
103,plain,MUSCLE,3.032783703954001
103,plain,KIDNEYS,3.747674359506715
103,plain,BONES,2.3572598734639825
103,plain,STOMACH,3.356723387035016
103,plain,VESSELS,2.9043119312572663
103,plain,SPINAL CORD,2.467806082579989
103,plain,PROSTATE,3.168
103,plain,URINARY BLADDER,4.110875806814381
103,plain,PANCREAS,3.212730429664225
103,plain,GALL BLADDER,2.629336435419082
103,plain,LUNGS,0.8161840829733076
103,plain,BOWEL,3.710988000597905
103,venous,LIVER,2.2328321889801375
103,venous,HEART,0.8391288735733159
103,venous,SPLEEN,2.227782789714864
103,venous,MUSCLE,1.8665712716164917
103,venous,KIDNEYS,2.3379751991556934
103,venous,BONES,1.4433750955303104
103,venous,STOMACH,2.077938573510174
103,venous,VESSELS,1.7992847814225275
103,venous,SPINAL CORD,1.5349410357524802
103,venous,PROSTATE,1.9484444444444442
103,venous,URINARY BLADDER,2.5488645919425843
103,venous,PANCREAS,1.9819331905898312
103,venous,GALL BLADDER,1.6970245498156298
103,venous,LUNGS,0.49865687266995257
103,venous,BOWEL,2.2774888459003217
104,plain,LIVER,5.474622875354408
104,plain,HEART,2.0650826963980693
104,plain,SPLEEN,5.615977429109225
104,plain,MUSCLE,4.631967114541712
104,plain,KIDNEYS,5.772653372197729
104,plain,BONES,3.612201838114017
104,plain,STOMACH,5.167313182417782
104,plain,VESSELS,4.377857869783666
104,plain,SPINAL CORD,3.7179526392487756
104,plain,PROSTATE,6.056721528804864
104,plain,URINARY BLADDER,6.253528401271994
104,plain,PANCREAS,4.960706367468421
104,plain,GALL BLADDER,4.307931233086135
104,plain,LUNGS,1.197394479127394
104,plain,BOWEL,5.696778123464883
104,venous,LIVER,4.267459227055831
104,venous,HEART,1.5983698629404368
104,venous,SPLEEN,4.327405360099537
104,venous,MUSCLE,3.578682895694039
104,venous,KIDNEYS,4.489962705408826
104,venous,BONES,2.7786873162271877
104,venous,STOMACH,3.940011720633599
104,venous,VESSELS,3.424047301031213
104,venous,SPINAL CORD,2.8945588823374426
104,venous,PROSTATE,4.669334972996348
104,venous,URINARY BLADDER,4.9059742885477515
104,venous,PANCREAS,3.8293915858113405
104,venous,GALL BLADDER,3.3480546718653246
104,venous,LUNGS,0.9422540660736085
104,venous,BOWEL,4.396533169181738
105,plain,LIVER,3.6175670834570486
105,plain,HEART,1.3214344585632591
105,plain,SPLEEN,3.515672135100265
105,plain,MUSCLE,3.0650333186704137
105,plain,KIDNEYS,3.79521606208956
105,plain,BONES,2.3651342492147074
105,plain,STOMACH,3.405900776035972
105,plain,VESSELS,2.8434909964177004
105,plain,SPINAL CORD,2.4385558937226066
105,plain,PROSTATE,3.168
105,plain,URINARY BLADDER,4.247011800058347
105,plain,PANCREAS,3.275227449467627
105,plain,GALL BLADDER,2.7536822934763117
105,plain,LUNGS,0.8036585240977661
105,plain,BOWEL,3.6594255886497242
105,venous,LIVER,1.838690592425841
105,venous,HEART,0.667787733676268
105,venous,SPLEEN,1.7885562807911235
105,venous,MUSCLE,1.55800487141382
105,venous,KIDNEYS,1.9457824756223572
105,venous,BONES,1.1952219256077539
105,venous,STOMACH,1.7321811690165192
105,venous,VESSELS,1.4598995268081412
105,venous,SPINAL CORD,1.2497111019421758
105,venous,PROSTATE,1.609411764705882
105,venous,URINARY BLADDER,2.174657831952833
105,venous,PANCREAS,1.6666712109059043
105,venous,GALL BLADDER,1.4524523607544715
105,venous,LUNGS,0.40101516066369974
105,venous,BOWEL,1.858231291682882
106,plain,LIVER,5.125814055427621
106,plain,HEART,1.8836926906655236
106,plain,SPLEEN,5.102113044622167
106,plain,MUSCLE,4.232831137264403
106,plain,KIDNEYS,5.317083139732947
106,plain,BONES,3.307894890291346
106,plain,STOMACH,4.904603602818514
106,plain,VESSELS,4.058700064733939
106,plain,SPINAL CORD,3.5053534033109432
106,plain,PROSTATE,5.802512234759522
106,plain,URINARY BLADDER,5.828459742180298
106,plain,PANCREAS,4.492856788700926
106,plain,GALL BLADDER,3.6884790233874467
106,plain,LUNGS,1.134481720572096
106,plain,BOWEL,5.229030440180367
106,venous,LIVER,3.7495004744086495
106,venous,HEART,1.37413781718735
106,venous,SPLEEN,3.7497937648255952
106,venous,MUSCLE,3.086219553737739
106,venous,KIDNEYS,3.853461292315256
106,venous,BONES,2.401293469027602
106,venous,STOMACH,3.5357309828460513
106,venous,VESSELS,2.956682765026592
106,venous,SPINAL CORD,2.551879860111503
106,venous,PROSTATE,4.214045720155503
106,venous,URINARY BLADDER,4.276457331011086
106,venous,PANCREAS,3.2835956358252085
106,venous,GALL BLADDER,3.005832176391856
106,venous,LUNGS,0.8173849002941223
106,venous,BOWEL,3.814646374467552
107,plain,LIVER,3.6054346899454632
107,plain,HEART,1.2579078803187247
107,plain,SPLEEN,3.4677939394665835
107,plain,MUSCLE,3.067951444762167
107,plain,KIDNEYS,3.7766722708698417
107,plain,BONES,2.3659245945850267
107,plain,STOMACH,3.4639963491570605
107,plain,VESSELS,2.802904131304431
107,plain,SPINAL CORD,2.4743173429391683
107,plain,PROSTATE,3.168
107,plain,URINARY BLADDER,4.433031708836604
107,plain,PANCREAS,3.2226959453306385
107,plain,GALL BLADDER,2.603341395523239
107,plain,LUNGS,0.8005495083469811
107,plain,BOWEL,3.6820252479796953
107,venous,LIVER,2.0123052075535974
107,venous,HEART,0.6964652183355989
107,venous,SPLEEN,1.9571587867981817
107,venous,MUSCLE,1.7033230635882766
107,venous,KIDNEYS,2.1228175078744886
107,venous,BONES,1.305669782240758
107,venous,STOMACH,1.9121399147470455
107,venous,VESSELS,1.5941592547963348
107,venous,SPINAL CORD,1.3862325426457995
107,venous,PROSTATE,1.7577931034482763
107,venous,URINARY BLADDER,2.4684345227776294
107,venous,PANCREAS,1.8144687177534744
107,venous,GALL BLADDER,1.569289952520974
107,venous,LUNGS,0.4397854881900386
107,venous,BOWEL,2.0465241541856196
108,plain,LIVER,3.7333285392869664
108,plain,HEART,1.3640017620857525
108,plain,SPLEEN,3.633876093589756
108,plain,MUSCLE,3.128630730099696
108,plain,KIDNEYS,3.833334011470633
108,plain,BONES,2.4172367970489352
108,plain,STOMACH,3.430055699300969
108,plain,VESSELS,2.92757583774236
108,plain,SPINAL CORD,2.479683240284477
108,plain,PROSTATE,4.033502601594204
108,plain,URINARY BLADDER,4.113434066812748
108,plain,PANCREAS,3.3211268704651733
108,plain,GALL BLADDER,3.0076137090164856
108,plain,LUNGS,0.7930163704883957
108,plain,BOWEL,3.7859081458502644
108,venous,LIVER,1.9738065640070699
108,venous,HEART,0.7199470444161086
108,venous,SPLEEN,1.919761163443142
108,venous,MUSCLE,1.6511399170749348
108,venous,KIDNEYS,2.0387215480859076
108,venous,BONES,1.2688030815029745
108,venous,STOMACH,1.8099577241872
108,venous,VESSELS,1.5550277035775961
108,venous,SPINAL CORD,1.32091391730778
108,venous,PROSTATE,2.117833060963432
108,venous,URINARY BLADDER,2.178238668612818
108,venous,PANCREAS,1.7524142095059982
108,venous,GALL BLADDER,1.5907357066949752
108,venous,LUNGS,0.4210502991709816
108,venous,BOWEL,2.0006328185454025
109,plain,LIVER,3.665535465829036
109,plain,HEART,1.3501257468239776
109,plain,SPLEEN,3.4668004416318356
109,plain,MUSCLE,3.051912941688032
109,plain,KIDNEYS,3.896610567687186
109,plain,BONES,2.419079533063699
109,plain,STOMACH,3.494318771764592
109,plain,VESSELS,2.9345586936442025
109,plain,SPINAL CORD,2.492510164840102
109,plain,PROSTATE,4.015580229091984
109,plain,URINARY BLADDER,4.141900450719664
109,plain,PANCREAS,3.254297903908338
109,plain,GALL BLADDER,3.1726020662002683
109,plain,LUNGS,0.8052290945797854
109,plain,BOWEL,3.9250940725888652
109,venous,LIVER,2.0618688164946066
109,venous,HEART,0.7558779180938003
109,venous,SPLEEN,1.939076871718111
109,venous,MUSCLE,1.7069559933546725
109,venous,KIDNEYS,2.1800420903060793
109,venous,BONES,1.34620579366225
109,venous,STOMACH,1.9643460794904064
109,venous,VESSELS,1.646856416620709
109,venous,SPINAL CORD,1.3972056968759117
109,venous,PROSTATE,2.2405063356071855
109,venous,URINARY BLADDER,2.3265671771089274
109,venous,PANCREAS,1.8188538019761602
109,venous,GALL BLADDER,1.791751819025111
109,venous,LUNGS,0.44738649589423546
109,venous,BOWEL,2.1986003343146314
11,plain,LIVER,4.646558196485422
11,plain,HEART,1.7316953002825135
11,plain,SPLEEN,4.4489167026666365
11,plain,MUSCLE,3.9374219577761536
11,plain,KIDNEYS,4.881158993689024
11,plain,BONES,3.0353979210506443
11,plain,STOMACH,4.688196305572703
11,plain,VESSELS,3.7244329959669424
11,plain,SPINAL CORD,3.118501515947714
11,plain,PROSTATE,5.154098037416567
11,plain,URINARY BLADDER,5.580330125710412
11,plain,PANCREAS,4.2345135491295816
11,plain,GALL BLADDER,3.4919818968712844
11,plain,LUNGS,1.0469220897381752
11,plain,BOWEL,4.749640757669879
11,venous,LIVER,3.2127047627661076
11,venous,HEART,1.1961703229051233
11,venous,SPLEEN,3.0797459855403355
11,venous,MUSCLE,2.7117717302561113
11,venous,KIDNEYS,3.3756199997727956
11,venous,BONES,2.0795222530617883
11,venous,STOMACH,3.2277501315577415
11,venous,VESSELS,2.5726519393835847
11,venous,SPINAL CORD,2.147330600563634
11,venous,PROSTATE,3.559010587503278
11,venous,URINARY BLADDER,3.873057601935602
11,venous,PANCREAS,2.925338719895241
11,venous,GALL BLADDER,2.441498245957876
11,venous,LUNGS,0.7233120874462204
11,venous,BOWEL,3.27150110753331
110,plain,LIVER,3.7800616127790487
110,plain,HEART,1.363176691296539
110,plain,SPLEEN,3.6989581181471864
110,plain,MUSCLE,3.17431122664329
110,plain,KIDNEYS,3.929044026112462
110,plain,BONES,2.4249873442885477
110,plain,STOMACH,3.5351784953975343
110,plain,VESSELS,2.966860480789906
110,plain,SPINAL CORD,2.4746266573507674
110,plain,PROSTATE,4.0139268485529636
110,plain,URINARY BLADDER,4.002461882783307
110,plain,PANCREAS,3.3724755268118662
110,plain,GALL BLADDER,2.8817143129673344
110,plain,LUNGS,0.8165410687188883
110,plain,BOWEL,3.786633249755451
110,venous,LIVER,3.2415811057006323
110,venous,HEART,1.1628632822557725
110,venous,SPLEEN,3.185683639979898
110,venous,MUSCLE,2.718601734939273
110,venous,KIDNEYS,3.379206598489102
110,venous,BONES,2.065005962530758
110,venous,STOMACH,3.0269403978494904
110,venous,VESSELS,2.5627238808798762
110,venous,SPINAL CORD,2.12722244394702
110,venous,PROSTATE,3.451017788692544
110,venous,URINARY BLADDER,3.458070558462101
110,venous,PANCREAS,2.9112465809505506
110,venous,GALL BLADDER,2.557285754906369
110,venous,LUNGS,0.6781695086007483
110,venous,BOWEL,3.2372368190669993
111,plain,LIVER,3.588688799487654
111,plain,HEART,1.3364287570706364
111,plain,SPLEEN,3.420755627128573
111,plain,MUSCLE,3.0733282190048095
111,plain,KIDNEYS,3.7621786514826003
111,plain,BONES,2.3772957146115483
111,plain,STOMACH,3.5929847535314434
111,plain,VESSELS,2.8371479302033946
111,plain,SPINAL CORD,2.4411350731218517
111,plain,PROSTATE,3.926892237953483
111,plain,URINARY BLADDER,4.519334170745263
111,plain,PANCREAS,3.3082706011964977
111,plain,GALL BLADDER,2.81326158290783
111,plain,LUNGS,0.8011248011824599
111,plain,BOWEL,3.725666913526277
111,venous,LIVER,1.811800022122124
111,venous,HEART,0.6685002388822142
111,venous,SPLEEN,1.7269306348037565
111,venous,MUSCLE,1.5371390553406874
111,venous,KIDNEYS,1.8937403683551817
111,venous,BONES,1.1829990784215316
111,venous,STOMACH,1.8052611334496043
111,venous,VESSELS,1.4402726763054055
111,venous,SPINAL CORD,1.226886575197641
111,venous,PROSTATE,1.9743653790527829
111,venous,URINARY BLADDER,2.2647107707231853
111,venous,PANCREAS,1.6710748198527616
111,venous,GALL BLADDER,1.432062855607099
111,venous,LUNGS,0.3955968542434004
111,venous,BOWEL,1.8600937286131467
112,plain,LIVER,3.6974676780733557
112,plain,HEART,1.3254330240962302
112,plain,SPLEEN,3.4836688417842714
112,plain,MUSCLE,3.0746899324758945
112,plain,KIDNEYS,3.803338832346343
112,plain,BONES,2.3972550243079365
112,plain,STOMACH,3.701899004263788
112,plain,VESSELS,2.8809175579821624
112,plain,SPINAL CORD,2.5058880141914224
112,plain,PROSTATE,4.016464050046449
112,plain,URINARY BLADDER,4.355703631726085
112,plain,PANCREAS,3.2292546667965794
112,plain,GALL BLADDER,2.7686759881700143
112,plain,LUNGS,0.7990910292232496
112,plain,BOWEL,3.7796013219574447
112,venous,LIVER,1.8452952681721917
112,venous,HEART,0.6615819595993092
112,venous,SPLEEN,1.7895811002384447
112,venous,MUSCLE,1.5395441729372268
112,venous,KIDNEYS,1.90731202499346
112,venous,BONES,1.1940305238623588
112,venous,STOMACH,1.8794492536659133
112,venous,VESSELS,1.4564821236343983
112,venous,SPINAL CORD,1.2598495025396215
112,venous,PROSTATE,2.0328629650109105
112,venous,URINARY BLADDER,2.1893213842915817
112,venous,PANCREAS,1.643330954804677
112,venous,GALL BLADDER,1.4316470472376621
112,venous,LUNGS,0.39519739165643375
112,venous,BOWEL,1.8900945792501327
113,plain,LIVER,3.6074823216382583
113,plain,HEART,1.3178858962710045
113,plain,SPLEEN,3.357696544234302
113,plain,MUSCLE,2.993063488062867
113,plain,KIDNEYS,3.762784293978191
113,plain,BONES,2.35749745080759
113,plain,STOMACH,3.355409346728673
113,plain,VESSELS,2.8497955931572876
113,plain,SPINAL CORD,2.444434679580988
113,plain,PROSTATE,3.168
113,plain,URINARY BLADDER,3.9483168293942286
113,plain,PANCREAS,3.2694247903299654
113,plain,GALL BLADDER,2.7759735560118055
113,plain,LUNGS,0.7862595781064636
113,plain,BOWEL,3.7712548221797535
113,venous,LIVER,1.814350286607174
113,venous,HEART,0.6611670356242174
113,venous,SPLEEN,1.6802668238327176
113,venous,MUSCLE,1.4998888012267744
113,venous,KIDNEYS,1.902211259727794
113,venous,BONES,1.1725551175917053
113,venous,STOMACH,1.686520884102914
113,venous,VESSELS,1.4403567473094834
113,venous,SPINAL CORD,1.2296557649733013
113,venous,PROSTATE,1.584
113,venous,URINARY BLADDER,1.989205302866014
113,venous,PANCREAS,1.6349885663571553
113,venous,GALL BLADDER,1.4800922535118577
113,venous,LUNGS,0.38608997540489415
113,venous,BOWEL,1.885201686731954
114,plain,LIVER,3.9967146239054623
114,plain,HEART,1.4275170168319047
114,plain,SPLEEN,3.893291146221788
114,plain,MUSCLE,3.3833308481512456
114,plain,KIDNEYS,4.166939188423925
114,plain,BONES,2.6015980009037873
114,plain,STOMACH,4.033894468218887
114,plain,VESSELS,3.1201584114672256
114,plain,SPINAL CORD,2.7327265971471584
114,plain,PROSTATE,4.224216513743761
114,plain,URINARY BLADDER,4.784939430809985
114,plain,PANCREAS,3.5943915384000285
114,plain,GALL BLADDER,3.221133370967858
114,plain,LUNGS,0.8873805002112832
114,plain,BOWEL,4.1091715434502305
114,venous,LIVER,3.8168963455775997
114,venous,HEART,1.374656107836166
114,venous,SPLEEN,3.7312299948129195
114,venous,MUSCLE,3.214092284836774
114,venous,KIDNEYS,3.9908474036178685
114,venous,BONES,2.46019728514181
114,venous,STOMACH,3.834451553790174
114,venous,VESSELS,3.002716844165315
114,venous,SPINAL CORD,2.6040149022087355
114,venous,PROSTATE,4.0151892337967805
114,venous,URINARY BLADDER,4.593305004071955
114,venous,PANCREAS,3.4270629260336474
114,venous,GALL BLADDER,3.0743730813854557
114,venous,LUNGS,0.8407555200695407
114,venous,BOWEL,3.9112253055353547
115,plain,LIVER,5.3099248818124085
115,plain,HEART,1.9984441500942796
115,plain,SPLEEN,5.259073786637591
115,plain,MUSCLE,4.493569157120844
115,plain,KIDNEYS,5.431859697457085
115,plain,BONES,3.477893076665061
115,plain,STOMACH,4.9492100655913225
115,plain,VESSELS,4.26533630566795
115,plain,SPINAL CORD,3.6161746198875875
115,plain,PROSTATE,5.698709405779365
115,plain,URINARY BLADDER,6.270228298876775
115,plain,PANCREAS,4.836673978379984
115,plain,GALL BLADDER,4.308323757264076
115,plain,LUNGS,1.1806994131063917
115,plain,BOWEL,5.498096205914703
115,venous,LIVER,2.396124989275416
115,venous,HEART,0.8988101914559613
115,venous,SPLEEN,2.3771912726193114
115,venous,MUSCLE,2.016490468400521
115,venous,KIDNEYS,2.4619638928044743
115,venous,BONES,1.553629543369605
115,venous,STOMACH,2.218886809144043
115,venous,VESSELS,1.9180070415192272
115,venous,SPINAL CORD,1.6337824250796766
115,venous,PROSTATE,2.5801595459272892
115,venous,URINARY BLADDER,2.8318028438087355
115,venous,PANCREAS,2.156140303925772
115,venous,GALL BLADDER,1.949362163280148
115,venous,LUNGS,0.532454984948902
115,venous,BOWEL,2.473673580793691
116,plain,LIVER,3.583519189856593
116,plain,HEART,1.3036001336291756
116,plain,SPLEEN,2.885617480344153
116,plain,MUSCLE,3.0483171628937953
116,plain,KIDNEYS,3.7535228132673315
116,plain,BONES,2.3575896926034257
116,plain,STOMACH,3.4593135297166477
116,plain,VESSELS,2.80178879388738
116,plain,SPINAL CORD,2.4434522972604373
116,plain,PROSTATE,3.168
116,plain,URINARY BLADDER,4.143550362977292
116,plain,PANCREAS,3.3211113566934416
116,plain,GALL BLADDER,2.982206207083546
116,plain,LUNGS,0.7857545486042309
116,plain,BOWEL,3.613439959074846
116,venous,LIVER,1.8014234930207877
116,venous,HEART,0.652671639472096
116,venous,SPLEEN,1.484550256559071
116,venous,MUSCLE,1.5247128847580915
116,venous,KIDNEYS,1.8980569987950402
116,venous,BONES,1.1724669435168595
116,venous,STOMACH,1.719951094592835
116,venous,VESSELS,1.4201065434177977
116,venous,SPINAL CORD,1.2245753047831887
116,venous,PROSTATE,1.584
116,venous,URINARY BLADDER,2.0801283713120284
116,venous,PANCREAS,1.6494117395510721
116,venous,GALL BLADDER,1.4970352742814652
116,venous,LUNGS,0.3894397319778752
116,venous,BOWEL,1.8163241050211618
117,plain,LIVER,3.6629443746703387
117,plain,HEART,1.30624628761491
117,plain,SPLEEN,3.5846942584562194
117,plain,MUSCLE,3.1277899558381272
117,plain,KIDNEYS,3.853018673878516
117,plain,BONES,2.390353392465663
117,plain,STOMACH,3.5313447785719068
117,plain,VESSELS,2.887255096364238
117,plain,SPINAL CORD,2.4899594465361132
117,plain,PROSTATE,4.033090354224927
117,plain,URINARY BLADDER,4.430507984195967
117,plain,PANCREAS,3.2777245027437703
117,plain,GALL BLADDER,2.9134102788485605
117,plain,LUNGS,0.8228818759318047
117,plain,BOWEL,3.657747745794687
117,venous,LIVER,1.9198411709677847
117,venous,HEART,0.6820290813876863
117,venous,SPLEEN,1.8972995735735212
117,venous,MUSCLE,1.6383136868021024
117,venous,KIDNEYS,2.028592931993943
117,venous,BONES,1.2456721850798897
117,venous,STOMACH,1.8437504872572301
117,venous,VESSELS,1.5154708438926878
117,venous,SPINAL CORD,1.3104684743474957
117,venous,PROSTATE,2.109009844176279
117,venous,URINARY BLADDER,2.3407911746586243
117,venous,PANCREAS,1.7236502957802078
117,venous,GALL BLADDER,1.529404126172622
117,venous,LUNGS,0.42899653589925224
117,venous,BOWEL,1.918116700579506
118,plain,LIVER,3.7505715827242656
118,plain,HEART,1.3553078582744924
118,plain,SPLEEN,3.5453730119718263
118,plain,MUSCLE,3.1040304504861465
118,plain,KIDNEYS,3.750836001383634
118,plain,BONES,2.4219801111058206
118,plain,STOMACH,3.489316828935344
118,plain,VESSELS,2.93590612284468
118,plain,SPINAL CORD,2.4458867899351926
118,plain,PROSTATE,4.005030339043338
118,plain,URINARY BLADDER,4.376554223409615
118,plain,PANCREAS,3.2839054629112137
118,plain,GALL BLADDER,2.9642543854101913
118,plain,LUNGS,0.8318968479569375
118,plain,BOWEL,3.736546294149042
118,venous,LIVER,2.214129381084239
118,venous,HEART,0.8013058356131727
118,venous,SPLEEN,2.116345181479705
118,venous,MUSCLE,1.8237565293727251
118,venous,KIDNEYS,2.2270836750965803
118,venous,BONES,1.418114622637687
118,venous,STOMACH,2.062858511487102
118,venous,VESSELS,1.7286936821980172
118,venous,SPINAL CORD,1.4503643067297072
118,venous,PROSTATE,2.352000690639858
118,venous,URINARY BLADDER,2.574647200321613
118,venous,PANCREAS,1.934846324472313
118,venous,GALL BLADDER,1.75020363155989
118,venous,LUNGS,0.486757482103972
118,venous,BOWEL,2.1998333666782925
119,plain,LIVER,10.234442405583145
119,plain,HEART,3.6712022735046936
119,plain,SPLEEN,9.891881502111818
119,plain,MUSCLE,8.509321452084695
119,plain,KIDNEYS,10.584522349232168
119,plain,BONES,6.584098194417423
119,plain,STOMACH,10.164157049466327
119,plain,VESSELS,7.940227869316875
119,plain,SPINAL CORD,6.793531433766622
119,plain,PROSTATE,10.797510421854293
119,plain,URINARY BLADDER,10.402108121188759
119,plain,PANCREAS,9.092061173833084
119,plain,GALL BLADDER,8.609703393252177
119,plain,LUNGS,2.1466352778220683
119,plain,BOWEL,10.713550727383021
119,venous,LIVER,3.5612946873793767
119,venous,HEART,1.2885271585058604
119,venous,SPLEEN,3.437065735262884
119,venous,MUSCLE,2.970649887992535
119,venous,KIDNEYS,3.7058975729657515
119,venous,BONES,2.285534200402591
119,venous,STOMACH,3.5375061396852265
119,venous,VESSELS,2.7852373378731374
119,venous,SPINAL CORD,2.3757423148243473
119,venous,PROSTATE,3.818436178740927
119,venous,URINARY BLADDER,3.668320215674443
119,venous,PANCREAS,3.1820499032829015
119,venous,GALL BLADDER,3.0161953094233116
119,venous,LUNGS,0.749320915166131
119,venous,BOWEL,3.7426876461556526
12,plain,LIVER,3.5946142351266053
12,plain,HEART,1.3236483788130344
12,plain,SPLEEN,3.5422060894990386
12,plain,MUSCLE,2.9818987352575785
12,plain,KIDNEYS,3.6125520436664047
12,plain,BONES,2.362928698154159
12,plain,STOMACH,3.5319128494985943
12,plain,VESSELS,2.713777461066623
12,plain,SPINAL CORD,2.4559720585302576
12,plain,PROSTATE,3.168
12,plain,URINARY BLADDER,3.97872959573568
12,plain,PANCREAS,2.9187287368644594
12,plain,GALL BLADDER,2.3654400000000004
12,plain,LUNGS,0.8008589452275757
12,plain,BOWEL,3.551315565234263
12,venous,LIVER,1.8205855649925728
12,venous,HEART,0.6557083989336071
12,venous,SPLEEN,1.7937789831491417
12,venous,MUSCLE,1.4927181527508504
12,venous,KIDNEYS,1.9008714456453322
12,venous,BONES,1.1741763252369029
12,venous,STOMACH,1.7642730716669204
12,venous,VESSELS,1.421413254741624
12,venous,SPINAL CORD,1.242108484945707
12,venous,PROSTATE,1.584
12,venous,URINARY BLADDER,1.9990668559679896
12,venous,PANCREAS,1.5711601411940184
12,venous,GALL BLADDER,1.1827200000000002
12,venous,LUNGS,0.41041223679453276
12,venous,BOWEL,1.794615602642465
120,plain,LIVER,3.6453015343038957
120,plain,HEART,1.3287600047196328
120,plain,SPLEEN,3.4191959088658783
120,plain,MUSCLE,3.007774169325739
120,plain,KIDNEYS,3.737539579546058
120,plain,BONES,2.352437723846963
120,plain,STOMACH,3.5683161685260605
120,plain,VESSELS,2.8512375260895255
120,plain,SPINAL CORD,2.442775754751774
120,plain,PROSTATE,3.168
120,plain,URINARY BLADDER,3.9997638059563734
120,plain,PANCREAS,3.258599658559684
120,plain,GALL BLADDER,2.725886683975364
120,plain,LUNGS,0.7973235884646013
120,plain,BOWEL,3.6929433773041747
120,venous,LIVER,1.8473215372482001
120,venous,HEART,0.6681526285023409
120,venous,SPLEEN,1.7550219427467977
120,venous,MUSCLE,1.5027860277113125
120,venous,KIDNEYS,1.894152768703238
120,venous,BONES,1.1705754936297017
120,venous,STOMACH,1.78382690466983
120,venous,VESSELS,1.4557549346191432
120,venous,SPINAL CORD,1.2318344732112543
120,venous,PROSTATE,1.584
120,venous,URINARY BLADDER,2.038125123809998
120,venous,PANCREAS,1.654187029017511
120,venous,GALL BLADDER,1.4602312615340662
120,venous,LUNGS,0.39352617395896716
120,venous,BOWEL,1.8431868544848147
121,plain,LIVER,5.000143162016062
121,plain,HEART,1.819732862362368
121,plain,SPLEEN,4.877319714957032
121,plain,MUSCLE,4.1698482475216165
121,plain,KIDNEYS,5.214175080048279
121,plain,BONES,3.212098078507182
121,plain,STOMACH,4.7193858917768985
121,plain,VESSELS,3.96892499690111
121,plain,SPINAL CORD,3.300564088698406
121,plain,PROSTATE,4.299906976744186
121,plain,URINARY BLADDER,5.781213715596175
121,plain,PANCREAS,4.501343408781447
121,plain,GALL BLADDER,3.7639851690984103
121,plain,LUNGS,1.0908250572325944
121,plain,BOWEL,5.123896398381578
121,venous,LIVER,5.058482392306358
121,venous,HEART,1.8349231382490694
121,venous,SPLEEN,4.947227019308573
121,venous,MUSCLE,4.192779813870139
121,venous,KIDNEYS,5.203099032202722
121,venous,BONES,3.208543588815455
121,venous,STOMACH,4.739089107806042
121,venous,VESSELS,3.997097083829001
121,venous,SPINAL CORD,3.340319376686068
121,venous,PROSTATE,4.3183058823529406
121,venous,URINARY BLADDER,5.867378519628341
121,venous,PANCREAS,4.535954387473249
121,venous,GALL BLADDER,3.883777298040737
121,venous,LUNGS,1.1025567273891457
121,venous,BOWEL,5.1400932969509165
122,plain,LIVER,3.6706793339191517
122,plain,HEART,1.329753659280547
122,plain,SPLEEN,3.6024839721354893
122,plain,MUSCLE,3.106698972864559
122,plain,KIDNEYS,3.8474910066440704
122,plain,BONES,2.373596936461385
122,plain,STOMACH,3.342283480713704
122,plain,VESSELS,2.842436167650574
122,plain,SPINAL CORD,2.4635145101850546
122,plain,PROSTATE,3.9238465096424084
122,plain,URINARY BLADDER,3.9891528456052563
122,plain,PANCREAS,3.260591084010735
122,plain,GALL BLADDER,2.9364393774498607
122,plain,LUNGS,0.7928441442721766
122,plain,BOWEL,3.668559982221268
122,venous,LIVER,1.9584120443115378
122,venous,HEART,0.7053798282938444
122,venous,SPLEEN,1.9231018991877318
122,venous,MUSCLE,1.648915744431768
122,venous,KIDNEYS,2.0588730302432405
122,venous,BONES,1.2525466553614202
122,venous,STOMACH,1.7928768632526617
122,venous,VESSELS,1.528508257290819
122,venous,SPINAL CORD,1.3151589627341935
122,venous,PROSTATE,2.026454228066108
122,venous,URINARY BLADDER,2.12074458257744
122,venous,PANCREAS,1.72576835088436
122,venous,GALL BLADDER,1.5830052786014828
122,venous,LUNGS,0.4203265766783581
122,venous,BOWEL,1.9473002714493608
123,plain,LIVER,3.5877613175942646
123,plain,HEART,1.3022548124290634
123,plain,SPLEEN,3.5988110266774687
123,plain,MUSCLE,3.008125980846968
123,plain,KIDNEYS,3.631837966630776
123,plain,BONES,2.3355440381001116
123,plain,STOMACH,3.517280908078978
123,plain,VESSELS,2.7827095027112057
123,plain,SPINAL CORD,2.4236911950311066
123,plain,PROSTATE,3.168
123,plain,URINARY BLADDER,4.080352317823144
123,plain,PANCREAS,3.2129140890628274
123,plain,GALL BLADDER,2.3654400000000004
123,plain,LUNGS,0.8157265090423278
123,plain,BOWEL,3.603188936402828
123,venous,LIVER,1.801673473731811
123,venous,HEART,0.6512470267037639
123,venous,SPLEEN,1.8140756318499383
123,venous,MUSCLE,1.5050074665388937
123,venous,KIDNEYS,1.8626507539600488
123,venous,BONES,1.1614611694712729
123,venous,STOMACH,1.7574077016941207
123,venous,VESSELS,1.4247928559560608
123,venous,SPINAL CORD,1.220459895031263
123,venous,PROSTATE,1.584
123,venous,URINARY BLADDER,2.0841935179471465
123,venous,PANCREAS,1.6329882575228485
123,venous,GALL BLADDER,1.1827200000000002
123,venous,LUNGS,0.4072282642555732
123,venous,BOWEL,1.8088218362294446
124,plain,LIVER,3.668378572445533
124,plain,HEART,1.3264351337993798
124,plain,SPLEEN,3.514326221887335
124,plain,MUSCLE,3.0489379976394195
124,plain,KIDNEYS,3.800902809304174
124,plain,BONES,2.3731641724258123
124,plain,STOMACH,3.4800028308163413
124,plain,VESSELS,2.8559556299136197
124,plain,SPINAL CORD,2.4650673300508035
124,plain,PROSTATE,3.168
124,plain,URINARY BLADDER,4.230451038073111
124,plain,PANCREAS,3.2623678274250367
124,plain,GALL BLADDER,2.7152089497975225
124,plain,LUNGS,0.8041134535081282
124,plain,BOWEL,3.734901545301248
124,venous,LIVER,2.0156213901444477
124,venous,HEART,0.7210642572126024
124,venous,SPLEEN,1.9474637218585107
124,venous,MUSCLE,1.6590845888135402
124,venous,KIDNEYS,2.089357530367195
124,venous,BONES,1.2867468591317173
124,venous,STOMACH,1.9095193182059238
124,venous,VESSELS,1.5702313344671974
124,venous,SPINAL CORD,1.3506907641095787
124,venous,PROSTATE,1.7245301204819279
124,venous,URINARY BLADDER,2.3181458335449663
124,venous,PANCREAS,1.7854281117000796
124,venous,GALL BLADDER,1.4834172476874636
124,venous,LUNGS,0.4317397275601148
124,venous,BOWEL,2.033178515888771
125,plain,LIVER,3.6568221634191067
125,plain,HEART,1.3157457033938849
125,plain,SPLEEN,3.6902699185962553
125,plain,MUSCLE,3.0504303177651972
125,plain,KIDNEYS,3.7973073531625676
125,plain,BONES,2.3601002392773887
125,plain,STOMACH,3.5051069278978613
125,plain,VESSELS,2.8555243566743775
125,plain,SPINAL CORD,2.4429356154287483
125,plain,PROSTATE,3.168
125,plain,URINARY BLADDER,4.203257708209399
125,plain,PANCREAS,3.309768125486274
125,plain,GALL BLADDER,2.7771795323348996
125,plain,LUNGS,0.7869181692090709
125,plain,BOWEL,3.6900012533103426
125,venous,LIVER,1.9298756387401494
125,venous,HEART,0.7103951960656282
125,venous,SPLEEN,1.9378837600101044
125,venous,MUSCLE,1.6053734762250278
125,venous,KIDNEYS,2.0004383113950213
125,venous,BONES,1.2438344796072744
125,venous,STOMACH,1.8345114788818342
125,venous,VESSELS,1.532262035510204
125,venous,SPINAL CORD,1.3028660904400777
125,venous,PROSTATE,1.665391304347826
125,venous,URINARY BLADDER,2.2291879260637804
125,venous,PANCREAS,1.740879096597656
125,venous,GALL BLADDER,1.503917309877329
125,venous,LUNGS,0.4285375139010707
125,venous,BOWEL,1.9447205255106454
126,plain,LIVER,3.738646329359074
126,plain,HEART,1.374336182160682
126,plain,SPLEEN,3.5338179998706782
126,plain,MUSCLE,3.1590876499998397
126,plain,KIDNEYS,3.9118476655976853
126,plain,BONES,2.4246323946745307
126,plain,STOMACH,3.497870281432545
126,plain,VESSELS,2.9483610310364052
126,plain,SPINAL CORD,2.4532411709316393
126,plain,PROSTATE,3.983797853628532
126,plain,URINARY BLADDER,4.491186454957871
126,plain,PANCREAS,3.3734599080121024
126,plain,GALL BLADDER,2.911037377935827
126,plain,LUNGS,0.8319584646305145
126,plain,BOWEL,3.739954362010772
126,venous,LIVER,3.52610614782467
126,venous,HEART,1.3006826729905343
126,venous,SPLEEN,3.3331768276586424
126,venous,MUSCLE,2.973701110420007
126,venous,KIDNEYS,3.674213670100976
126,venous,BONES,2.2702316181846074
126,venous,STOMACH,3.2792985780469093
126,venous,VESSELS,2.7851943285037586
126,venous,SPINAL CORD,2.3351741230186027
126,venous,PROSTATE,3.7476391997015215
126,venous,URINARY BLADDER,4.252272934261764
126,venous,PANCREAS,3.1704789365700976
126,venous,GALL BLADDER,2.8207008208718465
126,venous,LUNGS,0.7829338895641971
126,venous,BOWEL,3.511789592068841
127,plain,LIVER,3.6754534569967503
127,plain,HEART,1.3575026190720751
127,plain,SPLEEN,3.6181122852113226
127,plain,MUSCLE,3.1468846432694058
127,plain,KIDNEYS,3.878000496043419
127,plain,BONES,2.4147768855129943
127,plain,STOMACH,3.437710289743532
127,plain,VESSELS,2.9129317385956406
127,plain,SPINAL CORD,2.5253254776530425
127,plain,PROSTATE,4.007338304224934
127,plain,URINARY BLADDER,4.035520860683775
127,plain,PANCREAS,3.357306694236343
127,plain,GALL BLADDER,2.9866248863086278
127,plain,LUNGS,0.7994637291845897
127,plain,BOWEL,3.775320960334722
127,venous,LIVER,3.368524749694754
127,venous,HEART,1.245375072707221
127,venous,SPLEEN,3.3192734945916813
127,venous,MUSCLE,2.868834236592624
127,venous,KIDNEYS,3.5522272756126503
127,venous,BONES,2.1908732218199516
127,venous,STOMACH,3.1479897355477875
127,venous,VESSELS,2.675162129152707
127,venous,SPINAL CORD,2.3112993508429347
127,venous,PROSTATE,3.6043357192272825
127,venous,URINARY BLADDER,3.6779378133565928
127,venous,PANCREAS,3.0548686576395268
127,venous,GALL BLADDER,2.733839478109072
127,venous,LUNGS,0.7330693586889532
127,venous,BOWEL,3.444471101124444
128,plain,LIVER,3.6887062342912644
128,plain,HEART,1.3501154488394775
128,plain,SPLEEN,3.763011857943889
128,plain,MUSCLE,3.1314147675190522
128,plain,KIDNEYS,3.8115631459269936
128,plain,BONES,2.4256893348904516
128,plain,STOMACH,3.577163084312717
128,plain,VESSELS,2.9282614754376604
128,plain,SPINAL CORD,2.5043320246392424
128,plain,PROSTATE,4.007199821840663
128,plain,URINARY BLADDER,4.108050035446583
128,plain,PANCREAS,3.3444659287736505
128,plain,GALL BLADDER,2.907514246200038
128,plain,LUNGS,0.8193888085145141
128,plain,BOWEL,3.816145168162481
128,venous,LIVER,2.8260400364304363
128,venous,HEART,1.0359143161365405
128,venous,SPLEEN,2.8934266235493764
128,venous,MUSCLE,2.397462284619899
128,venous,KIDNEYS,2.928673267528958
128,venous,BONES,1.8481208693416602
128,venous,STOMACH,2.727300295219961
128,venous,VESSELS,2.246319275918814
128,venous,SPINAL CORD,1.921364366999517
128,venous,PROSTATE,3.078813564184648
128,venous,URINARY BLADDER,3.1428370279961637
128,venous,PANCREAS,2.5405660927508533
128,venous,GALL BLADDER,2.233167585603714
128,venous,LUNGS,0.6246664649923663
128,venous,BOWEL,2.920346604652811
129,plain,LIVER,3.638770099878855
129,plain,HEART,1.3317740835056164
129,plain,SPLEEN,3.440739723317839
129,plain,MUSCLE,3.07916234622005
129,plain,KIDNEYS,3.7960059735812606
129,plain,BONES,2.3834629927987425
129,plain,STOMACH,3.5489469762678674
129,plain,VESSELS,2.8783000104253462
129,plain,SPINAL CORD,2.4537473897316695
129,plain,PROSTATE,3.8975367619653873
129,plain,URINARY BLADDER,4.323550504907515
129,plain,PANCREAS,3.273315841766328
129,plain,GALL BLADDER,3.008945649501833
129,plain,LUNGS,0.8271021286253378
129,plain,BOWEL,3.729510134041181
129,venous,LIVER,1.9511643099466693
129,venous,HEART,0.7084313745813704
129,venous,SPLEEN,1.8505767512036053
129,venous,MUSCLE,1.6377257981362332
129,venous,KIDNEYS,2.0305915553492424
129,venous,BONES,1.2613069975708906
129,venous,STOMACH,1.8947733355157959
129,venous,VESSELS,1.5439056138003842
129,venous,SPINAL CORD,1.3097155771101718
129,venous,PROSTATE,2.1058662671181927
129,venous,URINARY BLADDER,2.3164725590423054
129,venous,PANCREAS,1.7405159367181957
129,venous,GALL BLADDER,1.6164760924158144
129,venous,LUNGS,0.4384850145266596
129,venous,BOWEL,1.9841987346181997
13,plain,LIVER,3.711559448769996
13,plain,HEART,1.335385051113328
13,plain,SPLEEN,3.6363192512272997
13,plain,MUSCLE,3.0954758822622077
13,plain,KIDNEYS,3.850893097604972
13,plain,BONES,2.3784947356966226
13,plain,STOMACH,3.462263564384967
13,plain,VESSELS,2.8752840640295685
13,plain,SPINAL CORD,2.532970846324199
13,plain,PROSTATE,3.168
13,plain,URINARY BLADDER,4.226929028935524
13,plain,PANCREAS,3.3211898210710094
13,plain,GALL BLADDER,2.9267873364154204
13,plain,LUNGS,0.8369519780483267
13,plain,BOWEL,3.74538220810207
13,venous,LIVER,2.611071334388759
13,venous,HEART,0.9419198289439308
13,venous,SPLEEN,2.570377567149002
13,venous,MUSCLE,2.1597104841741914
13,venous,KIDNEYS,2.71515832185689
13,venous,BONES,1.6499308034090652
13,venous,STOMACH,2.4317753343773894
13,venous,VESSELS,2.0230697243565117
13,venous,SPINAL CORD,1.7733195485097213
13,venous,PROSTATE,2.2085052631578947
13,venous,URINARY BLADDER,2.9693975409387336
13,venous,PANCREAS,2.355861469371492
13,venous,GALL BLADDER,2.090627041475025
13,venous,LUNGS,0.5748150950773496
13,venous,BOWEL,2.6113257503900456
130,plain,LIVER,11.916764015951534
130,plain,HEART,4.486007780589992
130,plain,SPLEEN,12.54938034448976
130,plain,MUSCLE,10.222570808200917
130,plain,KIDNEYS,12.719167319680484
130,plain,BONES,7.893004173431995
130,plain,STOMACH,11.495272052694107
130,plain,VESSELS,9.553901932906694
130,plain,SPINAL CORD,7.960062635414633
130,plain,PROSTATE,12.986199404526866
130,plain,URINARY BLADDER,13.774155671826579
130,plain,PANCREAS,10.682013505865699
130,plain,GALL BLADDER,9.934987700628321
130,plain,LUNGS,2.5899867782951884
130,plain,BOWEL,12.50534091808933
130,venous,LIVER,4.351283125849206
130,venous,HEART,1.6252037917699071
130,venous,SPLEEN,4.561122095470349
130,venous,MUSCLE,3.7017488209816563
130,venous,KIDNEYS,4.626436214443847
130,venous,BONES,2.847845840660125
130,venous,STOMACH,4.169127718877808
130,venous,VESSELS,3.4860553970454378
130,venous,SPINAL CORD,2.898971720714671
130,venous,PROSTATE,4.690730246777652
130,venous,URINARY BLADDER,5.030224444218428
130,venous,PANCREAS,3.842641305692245
130,venous,GALL BLADDER,3.663710424847077
130,venous,LUNGS,0.9331230048823068
130,venous,BOWEL,4.527712721653104
131,plain,LIVER,3.5372423892895735
131,plain,HEART,1.3177347462459255
131,plain,SPLEEN,3.27403834231817
131,plain,MUSCLE,3.0339560599567625
131,plain,KIDNEYS,3.6145002629471095
131,plain,BONES,2.358658124181196
131,plain,STOMACH,3.662971569328112
131,plain,VESSELS,2.835286162847513
131,plain,SPINAL CORD,2.422397583984238
131,plain,PROSTATE,3.168
131,plain,URINARY BLADDER,4.281033443042963
131,plain,PANCREAS,3.1201564227430096
131,plain,GALL BLADDER,2.3654400000000004
131,plain,LUNGS,0.8191296024133636
131,plain,BOWEL,3.665802506230093
131,venous,LIVER,1.7748178189227621
131,venous,HEART,0.6672744908046191
131,venous,SPLEEN,1.6555280124380958
131,venous,MUSCLE,1.516205177772633
131,venous,KIDNEYS,1.8929345106680837
131,venous,BONES,1.1746337044285968
131,venous,STOMACH,1.85882326781149
131,venous,VESSELS,1.4318648002098007
131,venous,SPINAL CORD,1.2197025592645339
131,venous,PROSTATE,1.584
131,venous,URINARY BLADDER,2.1570812717130097
131,venous,PANCREAS,1.648273044187158
131,venous,GALL BLADDER,1.3807192903387986
131,venous,LUNGS,0.3973769990968189
131,venous,BOWEL,1.8389268055336903
132,plain,LIVER,3.646035611171967
132,plain,HEART,1.356010727282689
132,plain,SPLEEN,3.616542744589341
132,plain,MUSCLE,3.1473743154979807
132,plain,KIDNEYS,3.8187242613829455
132,plain,BONES,2.4346232713906786
132,plain,STOMACH,3.4807609683725347
132,plain,VESSELS,2.9294438880294864
132,plain,SPINAL CORD,2.5276896530611874
132,plain,PROSTATE,3.9983898095263557
132,plain,URINARY BLADDER,4.316871882943806
132,plain,PANCREAS,3.367054904457634
132,plain,GALL BLADDER,2.901787094956551
132,plain,LUNGS,0.8170819813228123
132,plain,BOWEL,3.8601590492575233
132,venous,LIVER,3.015524124095881
132,venous,HEART,1.121166254551122
132,venous,SPLEEN,3.0018885146974625
132,venous,MUSCLE,2.5754392375853405
132,venous,KIDNEYS,3.123754399040979
132,venous,BONES,1.984920564495213
132,venous,STOMACH,2.929849734684924
132,venous,VESSELS,2.416200106481621
132,venous,SPINAL CORD,2.0768322057395703
132,venous,PROSTATE,3.284610190162801
132,venous,URINARY BLADDER,3.52310202197134
132,venous,PANCREAS,2.764849953847564
132,venous,GALL BLADDER,2.444393661088198
132,venous,LUNGS,0.6608693659369168
132,venous,BOWEL,3.151839034401077
133,plain,LIVER,3.663518755943287
133,plain,HEART,1.2934534131329287
133,plain,SPLEEN,3.5953648760359096
133,plain,MUSCLE,3.0127614381394183
133,plain,KIDNEYS,3.7996807449319343
133,plain,BONES,2.355688863459662
133,plain,STOMACH,3.403945551878956
133,plain,VESSELS,2.801954492978839
133,plain,SPINAL CORD,2.456164754838015
133,plain,PROSTATE,3.168
133,plain,URINARY BLADDER,4.200403840576774
133,plain,PANCREAS,3.170372734294099
133,plain,GALL BLADDER,2.521910512547096
133,plain,LUNGS,0.7864275954254174
133,plain,BOWEL,3.6524465268740283
133,venous,LIVER,1.8317807658110683
133,venous,HEART,0.6352402164379245
133,venous,SPLEEN,1.8047297622168341
133,venous,MUSCLE,1.5077113542183584
133,venous,KIDNEYS,1.9197710614068917
133,venous,BONES,1.1721388940629258
133,venous,STOMACH,1.6904215215146734
133,venous,VESSELS,1.4204677144225295
133,venous,SPINAL CORD,1.2339362439583799
133,venous,PROSTATE,1.584
133,venous,URINARY BLADDER,2.0890593624136056
133,venous,PANCREAS,1.599415592494896
133,venous,GALL BLADDER,1.1827200000000002
133,venous,LUNGS,0.38243039985968996
133,venous,BOWEL,1.838421926509103
134,plain,LIVER,3.6549769699987777
134,plain,HEART,1.2883891049158853
134,plain,SPLEEN,3.573110619089382
134,plain,MUSCLE,3.0353992421910236
134,plain,KIDNEYS,3.7523278966500775
134,plain,BONES,2.3693614204862574
134,plain,STOMACH,3.6532045683104446
134,plain,VESSELS,2.7715392213370738
134,plain,SPINAL CORD,2.4275307494048035
134,plain,PROSTATE,3.168
134,plain,URINARY BLADDER,4.267426001576774
134,plain,PANCREAS,3.1796636465118735
134,plain,GALL BLADDER,2.9415108554083975
134,plain,LUNGS,0.7840007978308138
134,plain,BOWEL,3.6046654986403306
134,venous,LIVER,1.8619485841275014
134,venous,HEART,0.6656522669000199
134,venous,SPLEEN,1.82574587336785
134,venous,MUSCLE,1.5408657034447553
134,venous,KIDNEYS,1.9358441525265357
134,venous,BONES,1.193037422082131
134,venous,STOMACH,1.8356694341141193
134,venous,VESSELS,1.4446533006399693
134,venous,SPINAL CORD,1.2443870567468212
134,venous,PROSTATE,1.6055172413793106
134,venous,URINARY BLADDER,2.186179984120863
134,venous,PANCREAS,1.640871723854833
134,venous,GALL BLADDER,1.436473972923136
134,venous,LUNGS,0.4086367761004289
134,venous,BOWEL,1.841870077883534
135,plain,LIVER,3.625551920815923
135,plain,HEART,1.2206480244668427
135,plain,SPLEEN,3.408050535736065
135,plain,MUSCLE,3.0857988424482823
135,plain,KIDNEYS,3.729035608808345
135,plain,BONES,2.374348155942715
135,plain,STOMACH,3.3855303849492193
135,plain,VESSELS,2.795995665765849
135,plain,SPINAL CORD,2.464971432238893
135,plain,PROSTATE,3.972963906424685
135,plain,URINARY BLADDER,4.519689914476341
135,plain,PANCREAS,3.161583401653241
135,plain,GALL BLADDER,2.869785707750742
135,plain,LUNGS,0.8206012520002244
135,plain,BOWEL,3.570920177564419
135,venous,LIVER,1.8159516910478672
135,venous,HEART,0.6208218318513614
135,venous,SPLEEN,1.7447130072239934
135,venous,MUSCLE,1.5440600300832867
135,venous,KIDNEYS,1.891082276999767
135,venous,BONES,1.1820744312022726
135,venous,STOMACH,1.6876092015367932
135,venous,VESSELS,1.4319047132526659
135,venous,SPINAL CORD,1.241091601917189
135,venous,PROSTATE,1.9572369804702945
135,venous,URINARY BLADDER,2.2509313145303818
135,venous,PANCREAS,1.589817234549314
135,venous,GALL BLADDER,1.4410636424284804
135,venous,LUNGS,0.4082444084203111
135,venous,BOWEL,1.7923731620583419
136,plain,LIVER,4.306913932072572
136,plain,HEART,1.5854809513848165
136,plain,SPLEEN,4.291244282286017
136,plain,MUSCLE,3.6189617513533925
136,plain,KIDNEYS,4.418218957347846
136,plain,BONES,2.7904340242998913
136,plain,STOMACH,4.037800970552243
136,plain,VESSELS,3.365766671604698
136,plain,SPINAL CORD,2.896313134653603
136,plain,PROSTATE,3.6949787234042555
136,plain,URINARY BLADDER,5.103198588665117
136,plain,PANCREAS,3.8441253516719462
136,plain,GALL BLADDER,3.332202288580146
136,plain,LUNGS,0.9374016646108911
136,plain,BOWEL,4.353554751857184
136,venous,LIVER,4.317157885490452
136,venous,HEART,1.5769273624134492
136,venous,SPLEEN,4.32729748887611
136,venous,MUSCLE,3.6058584892550365
136,venous,KIDNEYS,4.446770636421402
136,venous,BONES,2.763063637559279
136,venous,STOMACH,4.035271940944011
136,venous,VESSELS,3.3907890054755048
136,venous,SPINAL CORD,2.909052967020445
136,venous,PROSTATE,3.680516129032259
136,venous,URINARY BLADDER,5.104680450920244
136,venous,PANCREAS,3.8576664792761908
136,venous,GALL BLADDER,3.3621805400029587
136,venous,LUNGS,0.9590673225035957
136,venous,BOWEL,4.330448827847458
137,plain,LIVER,3.620612688504479
137,plain,HEART,1.3232945120281845
137,plain,SPLEEN,3.4812812416199543
137,plain,MUSCLE,3.0340451959177344
137,plain,KIDNEYS,3.7922766118266082
137,plain,BONES,2.3519556684564593
137,plain,STOMACH,3.3392653729323256
137,plain,VESSELS,2.8047947070450547
137,plain,SPINAL CORD,2.490120845904036
137,plain,PROSTATE,3.168
137,plain,URINARY BLADDER,4.163122777416426
137,plain,PANCREAS,3.2290035787798694
137,plain,GALL BLADDER,2.9230880015360383
137,plain,LUNGS,0.8073890080696546
137,plain,BOWEL,3.7033711131302933
137,venous,LIVER,1.9137163241742208
137,venous,HEART,0.7001756152900118
137,venous,SPLEEN,1.8665139857528978
137,venous,MUSCLE,1.5936346018000007
137,venous,KIDNEYS,2.0176198854574867
137,venous,BONES,1.2275640620878825
137,venous,STOMACH,1.7637618482168103
137,venous,VESSELS,1.4996931382907923
137,venous,SPINAL CORD,1.313754253085814
137,venous,PROSTATE,1.6631208791208794
137,venous,URINARY BLADDER,2.2009602532083803
137,venous,PANCREAS,1.706714275874047
137,venous,GALL BLADDER,1.5859656397597015
137,venous,LUNGS,0.42690966476670716
137,venous,BOWEL,1.9486146062997487
138,plain,LIVER,3.7170034641696605
138,plain,HEART,1.3424727720960565
138,plain,SPLEEN,3.655318323962303
138,plain,MUSCLE,3.104268901595369
138,plain,KIDNEYS,3.825949496366179
138,plain,BONES,2.4180208621702115
138,plain,STOMACH,3.5347879801689217
138,plain,VESSELS,2.9195498450741235
138,plain,SPINAL CORD,2.5320309135395713
138,plain,PROSTATE,4.09441450838931
138,plain,URINARY BLADDER,4.482464149050298
138,plain,PANCREAS,3.36257196499539
138,plain,GALL BLADDER,2.7287414780016985
138,plain,LUNGS,0.8245578220467737
138,plain,BOWEL,3.811177244736798
138,venous,LIVER,1.9234737548920071
138,venous,HEART,0.6921307567681747
138,venous,SPLEEN,1.8995132795133225
138,venous,MUSCLE,1.5998988231612532
138,venous,KIDNEYS,1.9792750223131517
138,venous,BONES,1.2411026462043209
138,venous,STOMACH,1.8228626352170614
138,venous,VESSELS,1.5182912774359545
138,venous,SPINAL CORD,1.3100680252707935
138,venous,PROSTATE,2.092551098174882
138,venous,URINARY BLADDER,2.3194757426604444
138,venous,PANCREAS,1.7310832635964017
138,venous,GALL BLADDER,1.445935781363632
138,venous,LUNGS,0.4185410352417688
138,venous,BOWEL,1.9633249453300727
139,plain,LIVER,6.354315872326571
139,plain,HEART,2.42330282480213
139,plain,SPLEEN,6.178725019815751
139,plain,MUSCLE,5.445057052548124
139,plain,KIDNEYS,6.578653848261092
139,plain,BONES,4.217351227413481
139,plain,STOMACH,6.472049426535251
139,plain,VESSELS,5.144795842574051
139,plain,SPINAL CORD,4.302073594232842
139,plain,PROSTATE,6.8334070883656475
139,plain,URINARY BLADDER,7.596681685593765
139,plain,PANCREAS,5.7963160059705725
139,plain,GALL BLADDER,5.042221211358487
139,plain,LUNGS,1.4418369842497967
139,plain,BOWEL,6.794089829419054
139,venous,LIVER,3.9073896345424584
139,venous,HEART,1.4691750765897422
139,venous,SPLEEN,3.797584037840189
139,venous,MUSCLE,3.3286693226926727
139,venous,KIDNEYS,4.0317855037844845
139,venous,BONES,2.565965036798948
139,venous,STOMACH,3.9656127524654403
139,venous,VESSELS,3.1648833691773843
139,venous,SPINAL CORD,2.642526108614069
139,venous,PROSTATE,4.235831592773013
139,venous,URINARY BLADDER,4.659230876219476
139,venous,PANCREAS,3.5498148264113127
139,venous,GALL BLADDER,3.1174192999209347
139,venous,LUNGS,0.8859669544749484
139,venous,BOWEL,4.15458238592056
14,plain,LIVER,3.6053761350529907
14,plain,HEART,1.3539701036174046
14,plain,SPLEEN,3.8450868256008137
14,plain,MUSCLE,3.0190279013757744
14,plain,KIDNEYS,3.753143279750896
14,plain,BONES,2.3747327077737084
14,plain,STOMACH,3.5557593234616047
14,plain,VESSELS,2.887788790157669
14,plain,SPINAL CORD,2.4680872246837913
14,plain,PROSTATE,3.168
14,plain,URINARY BLADDER,4.138002393424567
14,plain,PANCREAS,3.2309719968514723
14,plain,GALL BLADDER,2.7940268383656077
14,plain,LUNGS,0.7910094084574234
14,plain,BOWEL,3.785274641002044
14,venous,LIVER,1.8081949071453458
14,venous,HEART,0.6762302822745521
14,venous,SPLEEN,1.9215188167131634
14,venous,MUSCLE,1.509761254875297
14,venous,KIDNEYS,1.9046398551292132
14,venous,BONES,1.1845718250699824
14,venous,STOMACH,1.7644677196487502
14,venous,VESSELS,1.4644253416784967
14,venous,SPINAL CORD,1.233487889488744
14,venous,PROSTATE,1.584
14,venous,URINARY BLADDER,2.066580563850721
14,venous,PANCREAS,1.622662890837911
14,venous,GALL BLADDER,1.4503994348464044
14,venous,LUNGS,0.39293780478210005
14,venous,BOWEL,1.8924270430114778
140,venous,LIVER,1.8208067501364364
140,venous,HEART,0.6475402828690164
140,venous,SPLEEN,1.8103671268968407
140,venous,MUSCLE,1.5149214594053462
140,venous,KIDNEYS,1.8808726506349491
140,venous,BONES,1.170235717332392
140,venous,STOMACH,1.7018838295477312
140,venous,VESSELS,1.420461672106534
140,venous,SPINAL CORD,1.2538507599880595
140,venous,PROSTATE,1.584
140,venous,URINARY BLADDER,2.152355308995813
140,venous,PANCREAS,1.5853523724348209
140,venous,GALL BLADDER,1.371302727623745
140,venous,LUNGS,0.4040855286502327
140,venous,BOWEL,1.8159399873411948
141,plain,LIVER,3.606316620004578
141,plain,HEART,1.3104302800745398
141,plain,SPLEEN,3.571847076268893
141,plain,MUSCLE,3.0532824346657566
141,plain,KIDNEYS,3.7615506829770458
141,plain,BONES,2.3721739822593717
141,plain,STOMACH,3.6722793747611093
141,plain,VESSELS,2.785675211126389
141,plain,SPINAL CORD,2.4975128656428294
141,plain,PROSTATE,3.168
141,plain,URINARY BLADDER,4.485383898332069
141,plain,PANCREAS,3.227167973113133
141,plain,GALL BLADDER,2.820783227945567
141,plain,LUNGS,0.8059048902325714
141,plain,BOWEL,3.711265777059872
142,venous,LIVER,1.8712583901500528
142,venous,HEART,0.6744492221403262
142,venous,SPLEEN,1.8210661132435795
142,venous,MUSCLE,1.565449550471677
142,venous,KIDNEYS,1.9651356001840008
142,venous,BONES,1.2058393580641804
142,venous,STOMACH,1.8212784004973575
142,venous,VESSELS,1.4737814130851974
142,venous,SPINAL CORD,1.2805916421515742
142,venous,PROSTATE,1.621714285714286
142,venous,URINARY BLADDER,2.1105532169130523
142,venous,PANCREAS,1.6791280589046567
142,venous,GALL BLADDER,1.4791388798470049
142,venous,LUNGS,0.4157128466000069
142,venous,BOWEL,1.8854046245140776
143,plain,LIVER,3.566672176147858
143,plain,HEART,1.3277543153256253
143,plain,SPLEEN,3.4628331772667584
143,plain,MUSCLE,3.0561617528818914
143,plain,KIDNEYS,3.803119131474388
143,plain,BONES,2.3719790451460194
143,plain,STOMACH,3.3246370546705606
143,plain,VESSELS,2.8711558616681683
143,plain,SPINAL CORD,2.3400233657246554
143,plain,PROSTATE,3.168
143,plain,URINARY BLADDER,3.8932695987922576
143,plain,PANCREAS,3.223628428740862
143,plain,GALL BLADDER,2.7322245498902813
143,plain,LUNGS,0.7977458394769938
143,plain,BOWEL,3.6875046064216073
15,plain,LIVER,3.7211330537287037
15,plain,HEART,1.3414716697668487
15,plain,SPLEEN,3.5542424908159704
15,plain,MUSCLE,3.0500097131013595
15,plain,KIDNEYS,3.8300123443336935
15,plain,BONES,2.3800072666753613
15,plain,STOMACH,3.6387088240449312
15,plain,VESSELS,2.858603514549172
15,plain,SPINAL CORD,2.448412459722444
15,plain,PROSTATE,3.168
15,plain,URINARY BLADDER,4.092790755058004
15,plain,PANCREAS,3.3118236393025517
15,plain,GALL BLADDER,2.7528641628830632
15,plain,LUNGS,0.8003075077508438
15,plain,BOWEL,3.7554642074629996
15,venous,LIVER,2.104645312614452
15,venous,HEART,0.7517868963651665
15,venous,SPLEEN,2.0288006319445344
15,venous,MUSCLE,1.7137554724086914
15,venous,KIDNEYS,2.1548856227559146
15,venous,BONES,1.3307615357406306
15,venous,STOMACH,2.0668471434453894
15,venous,VESSELS,1.625360637303674
15,venous,SPINAL CORD,1.3810886816253194
15,venous,PROSTATE,1.778021052631579
15,venous,URINARY BLADDER,2.310491055057789
15,venous,PANCREAS,1.845470053770468
15,venous,GALL BLADDER,1.5497676856950056
15,venous,LUNGS,0.4445069587453101
15,venous,BOWEL,2.107833396355107
16,plain,LIVER,3.896375863717555
16,plain,HEART,1.3987561374350361
16,plain,SPLEEN,3.917083436137229
16,plain,MUSCLE,3.1869939509192924
16,plain,KIDNEYS,3.9847394992272247
16,plain,BONES,2.5045917744105433
16,plain,STOMACH,3.5261541359644126
16,plain,VESSELS,3.0376298878662844
16,plain,SPINAL CORD,2.5801057805923673
16,plain,PROSTATE,4.192558337366198
16,plain,URINARY BLADDER,4.415394524880786
16,plain,PANCREAS,3.326972830073716
16,plain,GALL BLADDER,3.237347581722977
16,plain,LUNGS,0.8410791229077214
16,plain,BOWEL,3.93703400603384
16,venous,LIVER,2.2785359555582123
16,venous,HEART,0.820977323628853
16,venous,SPLEEN,2.2870585316203313
16,venous,MUSCLE,1.8603375473054062
16,venous,KIDNEYS,2.3270782308548186
16,venous,BONES,1.455354828114725
16,venous,STOMACH,2.0772664048066836
16,venous,VESSELS,1.776279665909726
16,venous,SPINAL CORD,1.5114663678390912
16,venous,PROSTATE,2.4249963904410694
16,venous,URINARY BLADDER,2.596886305595458
16,venous,PANCREAS,1.9787442956791648
16,venous,GALL BLADDER,1.884840874379185
16,venous,LUNGS,0.4905113477762058
16,venous,BOWEL,2.29209397370139
17,plain,LIVER,3.6279929476467463
17,plain,HEART,1.322919760014322
17,plain,SPLEEN,3.4247535286823267
17,plain,MUSCLE,3.0695505231639797
17,plain,KIDNEYS,3.7752561240519826
17,plain,BONES,2.3757500474736855
17,plain,STOMACH,3.422744136161812
17,plain,VESSELS,2.828836942849245
17,plain,SPINAL CORD,2.437297926587598
17,plain,PROSTATE,3.168
17,plain,URINARY BLADDER,4.200376662795408
17,plain,PANCREAS,3.2636734180053675
17,plain,GALL BLADDER,2.7352777237516515
17,plain,LUNGS,0.7951471003692107
17,plain,BOWEL,3.682953093949762
17,venous,LIVER,2.401748111778527
17,venous,HEART,0.8692512928368695
17,venous,SPLEEN,2.277966799800209
17,venous,MUSCLE,2.0157669209577294
17,venous,KIDNEYS,2.4998070422153376
17,venous,BONES,1.551293691371902
17,venous,STOMACH,2.2760941157690304
17,venous,VESSELS,1.8923664304095658
17,venous,SPINAL CORD,1.6157493306894126
17,venous,PROSTATE,2.079483870967742
17,venous,URINARY BLADDER,2.763593537085982
17,venous,PANCREAS,2.180150961667179
17,venous,GALL BLADDER,1.8524692844666104
17,venous,LUNGS,0.5202974783635331
17,venous,BOWEL,2.4227405912796454
18,plain,LIVER,3.5953755753919574
18,plain,HEART,1.3281356268067248
18,plain,SPLEEN,3.4730457771914516
18,plain,MUSCLE,3.0712312133623514
18,plain,KIDNEYS,3.715467187417603
18,plain,BONES,2.3790637176457308
18,plain,STOMACH,3.36476383153492
18,plain,VESSELS,2.8360312122014864
18,plain,SPINAL CORD,2.441514642051053
18,plain,PROSTATE,3.96748579238372
18,plain,URINARY BLADDER,4.290904702766297
18,plain,PANCREAS,3.1472451776630805
18,plain,GALL BLADDER,2.8155913057052357
18,plain,LUNGS,0.8177958533381882
18,plain,BOWEL,3.6907343306580285
18,venous,LIVER,1.8090259598247052
18,venous,HEART,0.6650816325908184
18,venous,SPLEEN,1.7637939726043328
18,venous,MUSCLE,1.5361459686983219
18,venous,KIDNEYS,1.890033955757677
18,venous,BONES,1.1840799115900023
18,venous,STOMACH,1.7020956222480252
18,venous,VESSELS,1.4465704888452573
18,venous,SPINAL CORD,1.2280371867795041
18,venous,PROSTATE,1.9863715045675656
18,venous,URINARY BLADDER,2.164713409616781
18,venous,PANCREAS,1.6055603528658957
18,venous,GALL BLADDER,1.4284584180530984
18,venous,LUNGS,0.40837383902349855
18,venous,BOWEL,1.848671255211335
19,plain,LIVER,3.652670714728751
19,plain,HEART,1.344005692146013
19,plain,SPLEEN,3.279965430865783
19,plain,MUSCLE,3.1252078671649044
19,plain,KIDNEYS,3.8009633500416036
19,plain,BONES,2.423510078425997
19,plain,STOMACH,3.4343219816289485
19,plain,VESSELS,2.932776078105957
19,plain,SPINAL CORD,2.487593405996437
19,plain,PROSTATE,4.0522157599187665
19,plain,URINARY BLADDER,4.305037605673659
19,plain,PANCREAS,3.283418119068081
19,plain,GALL BLADDER,2.636546981978161
19,plain,LUNGS,0.8109817152550445
19,plain,BOWEL,3.7609128256960394
19,venous,LIVER,2.0204997248838343
19,venous,HEART,0.7430901362534207
19,venous,SPLEEN,1.8583194488247596
19,venous,MUSCLE,1.7181805171225575
19,venous,KIDNEYS,2.1061320700908186
19,venous,BONES,1.3275120865774959
19,venous,STOMACH,1.8979497999882848
19,venous,VESSELS,1.635387945812586
19,venous,SPINAL CORD,1.3752877514402693
19,venous,PROSTATE,2.2127027989677424
19,venous,URINARY BLADDER,2.3759541100674557
19,venous,PANCREAS,1.8421830147379257
19,venous,GALL BLADDER,1.6150210598645098
19,venous,LUNGS,0.44668594809403445
19,venous,BOWEL,2.0733492101878874
2,plain,LIVER,3.7436607337424337
2,plain,HEART,1.3414481216178151
2,plain,SPLEEN,3.716232068700831
2,plain,MUSCLE,3.059093885943414
2,plain,KIDNEYS,3.851020969597239
2,plain,BONES,2.369218721778311
2,plain,STOMACH,3.4834286914960577
2,plain,VESSELS,2.8504910095487217
2,plain,SPINAL CORD,2.452242354091057
2,plain,PROSTATE,3.168
2,plain,URINARY BLADDER,4.320124688740025
2,plain,PANCREAS,3.2335897666114617
2,plain,GALL BLADDER,2.3654400000000004
2,plain,LUNGS,0.782560234097955
2,plain,BOWEL,3.742158495094139
2,venous,LIVER,2.1733667349396772
2,venous,HEART,0.7856123595408774
2,venous,SPLEEN,2.1437648133844287
2,venous,MUSCLE,1.7796999523050225
2,venous,KIDNEYS,2.252470976383492
2,venous,BONES,1.3707234527206482
2,venous,STOMACH,2.020116478315339
2,venous,VESSELS,1.687158380254691
2,venous,SPINAL CORD,1.4388268422137658
2,venous,PROSTATE,1.8416842105263158
2,venous,URINARY BLADDER,2.521252756911202
2,venous,PANCREAS,1.896952361440154
2,venous,GALL BLADDER,1.4376486569016902
2,venous,LUNGS,0.46583197406152266
2,venous,BOWEL,2.1729522321193038
20,plain,LIVER,3.689241035016844
20,plain,HEART,1.3674491487254818
20,plain,SPLEEN,3.633027496606673
20,plain,MUSCLE,3.0925943046584523
20,plain,KIDNEYS,3.8571075237042374
20,plain,BONES,2.4193349293119155
20,plain,STOMACH,3.475908863619915
20,plain,VESSELS,2.9608891749905073
20,plain,SPINAL CORD,2.4841451485105224
20,plain,PROSTATE,4.07141741936836
20,plain,URINARY BLADDER,4.424620452006584
20,plain,PANCREAS,3.3536069091391325
20,plain,GALL BLADDER,2.7486418122843763
20,plain,LUNGS,0.844885621098722
20,plain,BOWEL,3.784954234109357
20,venous,LIVER,2.1039164814408315
20,venous,HEART,0.7816261774981008
20,venous,SPLEEN,2.068821213844816
20,venous,MUSCLE,1.760310829425812
20,venous,KIDNEYS,2.202077066104116
20,venous,BONES,1.3707089742714624
20,venous,STOMACH,2.088544268854916
20,venous,VESSELS,1.6819735133065943
20,venous,SPINAL CORD,1.4227993715919298
20,venous,PROSTATE,2.2648513152597123
20,venous,URINARY BLADDER,2.521435393165802
20,venous,PANCREAS,1.903976803833804
20,venous,GALL BLADDER,1.5939913891262636
20,venous,LUNGS,0.479773456559422
20,venous,BOWEL,2.1523840105262986
21,plain,LIVER,3.604477610228247
21,plain,HEART,1.3000738096652942
21,plain,SPLEEN,3.342953590828366
21,plain,MUSCLE,3.0597425607697657
21,plain,KIDNEYS,3.7251619129856453
21,plain,BONES,2.3873241317807916
21,plain,STOMACH,3.379476855903382
21,plain,VESSELS,2.8578084987837875
21,plain,SPINAL CORD,2.4727925795350596
21,plain,PROSTATE,3.168
21,plain,URINARY BLADDER,4.589282636778585
21,plain,PANCREAS,3.250576347097189
21,plain,GALL BLADDER,2.781725440326785
21,plain,LUNGS,0.8137051007700059
21,plain,BOWEL,3.724328812913166
21,venous,LIVER,2.039383014357679
21,venous,HEART,0.7394725830922155
21,venous,SPLEEN,1.9190644561298316
21,venous,MUSCLE,1.7277353507809623
21,venous,KIDNEYS,2.1246540195641974
21,venous,BONES,1.34193115934331
21,venous,STOMACH,1.9103007475978517
21,venous,VESSELS,1.62672194704018
21,venous,SPINAL CORD,1.4007861824896821
21,venous,PROSTATE,1.7875862068965518
21,venous,URINARY BLADDER,2.621663683247147
21,venous,PANCREAS,1.853569464598207
21,venous,GALL BLADDER,1.5742637146529976
21,venous,LUNGS,0.4572318626561961
21,venous,BOWEL,2.100620098429664
22,plain,LIVER,3.639233722400848
22,plain,HEART,1.3352065896052934
22,plain,SPLEEN,3.5858790696716687
22,plain,MUSCLE,3.0538843426686935
22,plain,KIDNEYS,3.7758754477708028
22,plain,BONES,2.3717377384944904
22,plain,STOMACH,3.490894426453324
22,plain,VESSELS,2.8280170446971664
22,plain,SPINAL CORD,2.4916353893553063
22,plain,PROSTATE,3.168
22,plain,URINARY BLADDER,4.315179647900136
22,plain,PANCREAS,3.271041937709638
22,plain,GALL BLADDER,2.808382908149534
22,plain,LUNGS,0.7924585117624524
22,plain,BOWEL,3.849449282452527
22,venous,LIVER,2.4949318825957962
22,venous,HEART,0.9122049909240604
22,venous,SPLEEN,2.452616141238183
22,venous,MUSCLE,2.07342379318575
22,venous,KIDNEYS,2.582262458629736
22,venous,BONES,1.6026782970884674
22,venous,STOMACH,2.366959176158302
22,venous,VESSELS,1.9421433821504372
22,venous,SPINAL CORD,1.6973516286105905
22,venous,PROSTATE,2.1493894736842107
22,venous,URINARY BLADDER,2.923255471494216
22,venous,PANCREAS,2.2263760108465362
22,venous,GALL BLADDER,1.9944836210294288
22,venous,LUNGS,0.5370088550255475
22,venous,BOWEL,2.6165427513190997
23,plain,LIVER,3.5989883132067995
23,plain,HEART,1.3351895021748432
23,plain,SPLEEN,3.5910778498612452
23,plain,MUSCLE,3.0604640723485166
23,plain,KIDNEYS,3.769152134596434
23,plain,BONES,2.359317193673096
23,plain,STOMACH,3.499141631865375
23,plain,VESSELS,2.8442692936958767
23,plain,SPINAL CORD,2.412026131679656
23,plain,PROSTATE,3.168
23,plain,URINARY BLADDER,4.268802849761871
23,plain,PANCREAS,3.248572197891443
23,plain,GALL BLADDER,2.7788527294139103
23,plain,LUNGS,0.8097479674910584
23,plain,BOWEL,3.652667242526978
23,venous,LIVER,1.9037425295250032
23,venous,HEART,0.7069485119667146
23,venous,SPLEEN,1.9096245650561836
23,venous,MUSCLE,1.5997730450744947
23,venous,KIDNEYS,1.9930837860983284
23,venous,BONES,1.225430858142685
23,venous,STOMACH,1.8223691238956938
23,venous,VESSELS,1.5056859134806582
23,venous,SPINAL CORD,1.2786628045360804
23,venous,PROSTATE,1.6551910112359551
23,venous,URINARY BLADDER,2.231713769931866
23,venous,PANCREAS,1.7171264254728167
23,venous,GALL BLADDER,1.478329961095098
23,venous,LUNGS,0.428449060690575
23,venous,BOWEL,1.9137312246895144
24,plain,LIVER,3.6935974210509763
24,plain,HEART,1.3924318363717467
24,plain,SPLEEN,3.6032391836682254
24,plain,MUSCLE,3.140644877734611
24,plain,KIDNEYS,3.846486363290458
24,plain,BONES,2.4193137768734574
24,plain,STOMACH,3.483524222156047
24,plain,VESSELS,2.9980019341347997
24,plain,SPINAL CORD,2.4727509219076462
24,plain,PROSTATE,3.992480399509369
24,plain,URINARY BLADDER,3.973629441853753
24,plain,PANCREAS,3.3538027338349763
24,plain,GALL BLADDER,2.960007081823923
24,plain,LUNGS,0.8294685736211332
24,plain,BOWEL,3.7822063227374443
24,venous,LIVER,2.986951654393365
24,venous,HEART,1.1163038731380885
24,venous,SPLEEN,2.925083053245953
24,venous,MUSCLE,2.527004133352181
24,venous,KIDNEYS,3.103114645246219
24,venous,BONES,1.9373304294516582
24,venous,STOMACH,2.793316011754319
24,venous,VESSELS,2.4181849716162627
24,venous,SPINAL CORD,2.005546600391177
24,venous,PROSTATE,3.2188730186734666
24,venous,URINARY BLADDER,3.244499535548772
24,venous,PANCREAS,2.6832034024043847
24,venous,GALL BLADDER,2.3694177927140547
24,venous,LUNGS,0.654798069848789
24,venous,BOWEL,3.0455626508408935
25,plain,LIVER,3.57222268414265
25,plain,HEART,1.2860387926083232
25,plain,SPLEEN,3.577695658151973
25,plain,MUSCLE,3.043907891433383
25,plain,KIDNEYS,3.7198433889923677
25,plain,BONES,2.3846475846445827
25,plain,STOMACH,3.607273996536756
25,plain,VESSELS,2.819292979540408
25,plain,SPINAL CORD,2.4761474080948895
25,plain,PROSTATE,3.168
25,plain,URINARY BLADDER,4.1115557112379
25,plain,PANCREAS,3.1662975563013513
25,plain,GALL BLADDER,2.6747353826088927
25,plain,LUNGS,0.8064740356997858
25,plain,BOWEL,3.666473875933621
25,venous,LIVER,1.7962505570556224
25,venous,HEART,0.6555009364377534
25,venous,SPLEEN,1.8280655343217043
25,venous,MUSCLE,1.5231139637234243
25,venous,KIDNEYS,1.9222138928615495
25,venous,BONES,1.1859967102065914
25,venous,STOMACH,1.8085161577592663
25,venous,VESSELS,1.4410925487740287
25,venous,SPINAL CORD,1.2412771091457522
25,venous,PROSTATE,1.584
25,venous,URINARY BLADDER,2.1066264354171476
25,venous,PANCREAS,1.6275475684524499
25,venous,GALL BLADDER,1.4074145900710888
25,venous,LUNGS,0.4034781785087083
25,venous,BOWEL,1.822396797982062
26,plain,LIVER,3.702972046730143
26,plain,HEART,1.2864859819916783
26,plain,SPLEEN,3.623009074439345
26,plain,MUSCLE,3.028747679662123
26,plain,KIDNEYS,3.766518552023709
26,plain,BONES,2.364739272255701
26,plain,STOMACH,3.529026810631521
26,plain,VESSELS,2.8154937021083595
26,plain,SPINAL CORD,2.4743615792855094
26,plain,PROSTATE,3.168
26,plain,URINARY BLADDER,4.326784259871747
26,plain,PANCREAS,3.1036059169155004
26,plain,GALL BLADDER,2.9963544798308885
26,plain,LUNGS,0.799842115452979
26,plain,BOWEL,3.7741164658177904
26,venous,LIVER,1.8556309959371153
26,venous,HEART,0.6258247440185915
26,venous,SPLEEN,1.8250661816056892
26,venous,MUSCLE,1.5139202897097903
26,venous,KIDNEYS,1.8999583686605324
26,venous,BONES,1.1779418119121656
26,venous,STOMACH,1.753213587766571
26,venous,VESSELS,1.4336369355980292
26,venous,SPINAL CORD,1.2433563235481861
26,venous,PROSTATE,1.584
26,venous,URINARY BLADDER,2.186006596104798
26,venous,PANCREAS,1.5410168137063733
26,venous,GALL BLADDER,1.4976734052332223
26,venous,LUNGS,0.3861846715327809
26,venous,BOWEL,1.8901176179439505
27,plain,LIVER,3.7260798283623227
27,plain,HEART,1.3252026610084577
27,plain,SPLEEN,3.6238697381263916
27,plain,MUSCLE,3.058757039142203
27,plain,KIDNEYS,3.8802960854308703
27,plain,BONES,2.3591861683285744
27,plain,STOMACH,3.3446320530611944
27,plain,VESSELS,2.817512047733099
27,plain,SPINAL CORD,2.488007204918329
27,plain,PROSTATE,3.168
27,plain,URINARY BLADDER,4.209692760322191
27,plain,PANCREAS,3.321673711243485
27,plain,GALL BLADDER,2.9109428026929485
27,plain,LUNGS,0.805883947911052
27,plain,BOWEL,3.765196516207121
27,venous,LIVER,1.8725218627558675
27,venous,HEART,0.6542554940730226
27,venous,SPLEEN,1.8338537883675603
27,venous,MUSCLE,1.5295955074646113
27,venous,KIDNEYS,1.9703333218856405
27,venous,BONES,1.172144329520125
27,venous,STOMACH,1.6833543866278744
27,venous,VESSELS,1.4293570320935907
27,venous,SPINAL CORD,1.245124152017316
27,venous,PROSTATE,1.584
27,venous,URINARY BLADDER,2.1206717402551782
27,venous,PANCREAS,1.671539844167178
27,venous,GALL BLADDER,1.4758248571510117
27,venous,LUNGS,0.39813128325791736
27,venous,BOWEL,1.8853469152874232
28,plain,LIVER,3.70369402971635
28,plain,HEART,1.3608420218552706
28,plain,SPLEEN,3.558961445781466
28,plain,MUSCLE,3.1260073521161207
28,plain,KIDNEYS,3.893886857304538
28,plain,BONES,2.4201704389097562
28,plain,STOMACH,3.683194853194513
28,plain,VESSELS,2.8924173221641603
28,plain,SPINAL CORD,2.5572131091379102
28,plain,PROSTATE,3.9615488639424097
28,plain,URINARY BLADDER,4.5757708005731885
28,plain,PANCREAS,3.3324149002056602
28,plain,GALL BLADDER,2.7437692571499555
28,plain,LUNGS,0.8287671796081868
28,plain,BOWEL,3.791344717407382
28,venous,LIVER,2.4774576463966795
28,venous,HEART,0.9064836281539758
28,venous,SPLEEN,2.3819833293048234
28,venous,MUSCLE,2.0831805846711458
28,venous,KIDNEYS,2.596360128124114
28,venous,BONES,1.6044385647454171
28,venous,STOMACH,2.448209185347197
28,venous,VESSELS,1.9430818965459626
28,venous,SPINAL CORD,1.7072637797725156
28,venous,PROSTATE,2.6593318961715813
28,venous,URINARY BLADDER,3.0609548116383394
28,venous,PANCREAS,2.221623459444284
28,venous,GALL BLADDER,1.8376424243306062
28,venous,LUNGS,0.5485179950801711
28,venous,BOWEL,2.528383536379332
29,plain,LIVER,3.612349751943564
29,plain,HEART,1.3078062425649126
29,plain,SPLEEN,3.48809789357112
29,plain,MUSCLE,2.9984569975505035
29,plain,KIDNEYS,3.742979535716615
29,plain,BONES,2.318372796192027
29,plain,STOMACH,3.3676150479391764
29,plain,VESSELS,2.7694047405196747
29,plain,SPINAL CORD,2.472883629578511
29,plain,PROSTATE,3.6208085953907116
29,plain,URINARY BLADDER,3.736173139017484
29,plain,PANCREAS,3.135766060365284
29,plain,GALL BLADDER,2.8147582325338174
29,plain,LUNGS,0.8119522967651673
29,plain,BOWEL,3.6153393273138685
29,venous,LIVER,1.8152301836741682
29,venous,HEART,0.6473815564577466
29,venous,SPLEEN,1.7610307209707705
29,venous,MUSCLE,1.5014710005831367
29,venous,KIDNEYS,1.8978474201351736
29,venous,BONES,1.150311352775633
29,venous,STOMACH,1.6947288603627184
29,venous,VESSELS,1.3906183503382024
29,venous,SPINAL CORD,1.2411546214111142
29,venous,PROSTATE,1.793688992653148
29,venous,URINARY BLADDER,1.9227446739348193
29,venous,PANCREAS,1.576959978413376
29,venous,GALL BLADDER,1.4142084682815208
29,venous,LUNGS,0.40368481880741597
29,venous,BOWEL,1.814891735966223
3,plain,LIVER,3.6765985199908813
3,plain,HEART,1.3567081849623501
3,plain,SPLEEN,3.736450262680827
3,plain,MUSCLE,3.136783389507214
3,plain,KIDNEYS,3.8752604144472302
3,plain,BONES,2.4090722815030823
3,plain,STOMACH,3.5114472989398595
3,plain,VESSELS,2.9271414361580685
3,plain,SPINAL CORD,2.445017469944693
3,plain,PROSTATE,3.9782348921897768
3,plain,URINARY BLADDER,4.07643288876445
3,plain,PANCREAS,3.401335138828847
3,plain,GALL BLADDER,2.9878676871591234
3,plain,LUNGS,0.8136660189283531
3,plain,BOWEL,3.7894141008971465
3,venous,LIVER,2.2133343256341527
3,venous,HEART,0.8096409150289882
3,venous,SPLEEN,2.280237032943799
3,venous,MUSCLE,1.882000372449802
3,venous,KIDNEYS,2.3473749072903614
3,venous,BONES,1.43876859302974
3,venous,STOMACH,2.1039647052653265
3,venous,VESSELS,1.7713526083879532
3,venous,SPINAL CORD,1.476823161746196
3,venous,PROSTATE,2.3792522188001493
3,venous,URINARY BLADDER,2.4431199313378285
3,venous,PANCREAS,2.051615214544514
3,venous,GALL BLADDER,1.8406357483584692
3,venous,LUNGS,0.49036407107040075
3,venous,BOWEL,2.272604821663284
30,plain,LIVER,3.644053380738004
30,plain,HEART,1.3418436642999567
30,plain,SPLEEN,3.6343140879779483
30,plain,MUSCLE,3.0510115157124704
30,plain,KIDNEYS,3.8565584481542428
30,plain,BONES,2.404058321738072
30,plain,STOMACH,3.3722152683915785
30,plain,VESSELS,2.909277050269142
30,plain,SPINAL CORD,2.468343017338618
30,plain,PROSTATE,3.980416007357608
30,plain,URINARY BLADDER,3.8460860131412855
30,plain,PANCREAS,3.172002705104852
30,plain,GALL BLADDER,2.7567091473116228
30,plain,LUNGS,0.8184282182685672
30,plain,BOWEL,3.694264624085403
30,venous,LIVER,1.833344296210904
30,venous,HEART,0.6750092333889492
30,venous,SPLEEN,1.8424729583857666
30,venous,MUSCLE,1.524547983607723
30,venous,KIDNEYS,1.9281241981226176
30,venous,BONES,1.1969265674186211
30,venous,STOMACH,1.7188208820797088
30,venous,VESSELS,1.462124951324885
30,venous,SPINAL CORD,1.243126502640871
30,venous,PROSTATE,1.990003249431995
30,venous,URINARY BLADDER,1.9800399391805081
30,venous,PANCREAS,1.5727213323911908
30,venous,GALL BLADDER,1.403361927223199
30,venous,LUNGS,0.41624537166952713
30,venous,BOWEL,1.8471852916780511
32,plain,LIVER,3.65353053197744
32,plain,HEART,1.3787448687428456
32,plain,SPLEEN,3.50044531233123
32,plain,MUSCLE,3.121366532049868
32,plain,KIDNEYS,3.8758672957444076
32,plain,BONES,2.4310050405467885
32,plain,STOMACH,3.7276704339775564
32,plain,VESSELS,2.947612591567242
32,plain,SPINAL CORD,2.488497393755918
32,plain,PROSTATE,4.106672382763103
32,plain,URINARY BLADDER,4.044441215707208
32,plain,PANCREAS,3.3034104010966807
32,plain,GALL BLADDER,2.9144267153826346
32,plain,LUNGS,0.8061330691187796
32,plain,BOWEL,3.793804871082824
32,venous,LIVER,2.1994638701721083
32,venous,HEART,0.8221809047379595
32,venous,SPLEEN,2.0958736193011123
32,venous,MUSCLE,1.8633069923782137
32,venous,KIDNEYS,2.322071978204342
32,venous,BONES,1.4433420000604118
32,venous,STOMACH,2.2284692012896774
32,venous,VESSELS,1.7661577388355878
32,venous,SPINAL CORD,1.491412685156619
32,venous,PROSTATE,2.441025712873286
32,venous,URINARY BLADDER,2.4521506450719164
32,venous,PANCREAS,1.976130990412661
32,venous,GALL BLADDER,1.7475298092778875
32,venous,LUNGS,0.4787088239712308
32,venous,BOWEL,2.256414183238515
33,plain,LIVER,3.664506385469046
33,plain,HEART,1.3379500772700244
33,plain,SPLEEN,3.6311093495597198
33,plain,MUSCLE,3.0994498715675514
33,plain,KIDNEYS,3.7997753053247822
33,plain,BONES,2.3930751004587614
33,plain,STOMACH,3.3542934614154176
33,plain,VESSELS,2.868602591029227
33,plain,SPINAL CORD,2.4909581680508195
33,plain,PROSTATE,4.008274346077471
33,plain,URINARY BLADDER,3.9141811005513305
33,plain,PANCREAS,3.280760778378496
33,plain,GALL BLADDER,2.877578677224277
33,plain,LUNGS,0.8269584031027336
33,plain,BOWEL,3.6390596536304227
33,venous,LIVER,1.8379791901719644
33,venous,HEART,0.6768852900766091
33,venous,SPLEEN,1.841534618780524
33,venous,MUSCLE,1.5495159947969
33,venous,KIDNEYS,1.9441811339189687
33,venous,BONES,1.1915978082774932
33,venous,STOMACH,1.7313505932550237
33,venous,VESSELS,1.4458068100968442
33,venous,SPINAL CORD,1.2483480882250089
33,venous,PROSTATE,1.989351293526061
33,venous,URINARY BLADDER,1.9814112553647572
33,venous,PANCREAS,1.6636484103150002
33,venous,GALL BLADDER,1.4288101612872988
33,venous,LUNGS,0.409791324298828
33,venous,BOWEL,1.8431872215216667
34,plain,LIVER,3.6484244725670645
34,plain,HEART,1.335118366813808
34,plain,SPLEEN,3.6024490405833305
34,plain,MUSCLE,3.063898722737698
34,plain,KIDNEYS,3.767963900110542
34,plain,BONES,2.3673448843809326
34,plain,STOMACH,3.524545577454036
34,plain,VESSELS,2.8072540911594848
34,plain,SPINAL CORD,2.4397668384005575
34,plain,PROSTATE,3.168
34,plain,URINARY BLADDER,4.2961173123798435
34,plain,PANCREAS,3.328207070333237
34,plain,GALL BLADDER,2.907224630092906
34,plain,LUNGS,0.7948096351879764
34,plain,BOWEL,3.713772332725941
34,venous,LIVER,2.5236641028021123
34,venous,HEART,0.918683724779728
34,venous,SPLEEN,2.4883436750338914
34,venous,MUSCLE,2.1094733242132135
34,venous,KIDNEYS,2.6065433480213427
34,venous,BONES,1.6211748124902003
34,venous,STOMACH,2.424822375679426
34,venous,VESSELS,1.9715001704508206
34,venous,SPINAL CORD,1.6943460348532724
34,venous,PROSTATE,2.180129032258065
34,venous,URINARY BLADDER,2.977093484375806
34,venous,PANCREAS,2.282356127050461
34,venous,GALL BLADDER,2.0127731075214306
34,venous,LUNGS,0.545810100968451
34,venous,BOWEL,2.5579500943603226
35,plain,LIVER,3.6694369631802273
35,plain,HEART,1.3330223403567478
35,plain,SPLEEN,3.5722547430439744
35,plain,MUSCLE,3.1434363518178414
35,plain,KIDNEYS,3.862888966860256
35,plain,BONES,2.41429028995464
35,plain,STOMACH,3.5742602284471388
35,plain,VESSELS,2.927877519130517
35,plain,SPINAL CORD,2.4730208783706744
35,plain,PROSTATE,4.034393071331443
35,plain,URINARY BLADDER,4.11316980015264
35,plain,PANCREAS,3.3610088000397176
35,plain,GALL BLADDER,2.8252286291322144
35,plain,LUNGS,0.8406901696043062
35,plain,BOWEL,3.713756979769518
35,venous,LIVER,2.1614697082689607
35,venous,HEART,0.7854461351547439
35,venous,SPLEEN,2.1089086691736183
35,venous,MUSCLE,1.8432087283995335
35,venous,KIDNEYS,2.2720391985168584
35,venous,BONES,1.4094822729131153
35,venous,STOMACH,2.0850130544810774
35,venous,VESSELS,1.7260346963431044
35,venous,SPINAL CORD,1.4563168411777125
35,venous,PROSTATE,2.3770820177396095
35,venous,URINARY BLADDER,2.4515833430600837
35,venous,PANCREAS,1.9728407014075842
35,venous,GALL BLADDER,1.656596408097144
35,venous,LUNGS,0.4918622198784325
35,venous,BOWEL,2.179183612090037
36,plain,LIVER,3.6536191789434795
36,plain,HEART,1.3427481012338425
36,plain,SPLEEN,3.6783218912710067
36,plain,MUSCLE,3.078748558222788
36,plain,KIDNEYS,3.748443909737896
36,plain,BONES,2.393941232538757
36,plain,STOMACH,3.410822834624045
36,plain,VESSELS,2.8851831042044274
36,plain,SPINAL CORD,2.4708959516042697
36,plain,PROSTATE,4.060272603706445
36,plain,URINARY BLADDER,4.341060912150767
36,plain,PANCREAS,3.3091271353971035
36,plain,GALL BLADDER,2.870926270795743
36,plain,LUNGS,0.8135708638751277
36,plain,BOWEL,3.7185495892305545
36,venous,LIVER,1.8318789909246245
36,venous,HEART,0.6657571471652985
36,venous,SPLEEN,1.8556863836061241
36,venous,MUSCLE,1.540995116935363
36,venous,KIDNEYS,1.9066210920262936
36,venous,BONES,1.1917753679112013
36,venous,STOMACH,1.702055972816502
36,venous,VESSELS,1.458343034410349
36,venous,SPINAL CORD,1.2412142943228779
36,venous,PROSTATE,1.9996189346242144
36,venous,URINARY BLADDER,2.1838050886548466
36,venous,PANCREAS,1.647173330885368
36,venous,GALL BLADDER,1.4676247709861474
36,venous,LUNGS,0.39956458547298435
36,venous,BOWEL,1.8593348078411271
