patient_id,acquisition_id,protocol,organ,volume_cm3,mean_hu,std_hu,ctdivol_mGy,kvp,water_equivalent_diameter_cm,dose_mGy
pt071,pt071-abdo-fixed,duke-3579490-abdo-fixed-v1,liver,4248.79279038,151.04887218939697,34.459878664117724,7.03,120.0,,10.3654
pt071,pt071-abdo-fixed,duke-3579490-abdo-fixed-v1,spleen,374.69216520000003,176.6330005396654,38.521739728905025,7.03,120.0,,9.1061
pt071,pt071-abdo-fixed,duke-3579490-abdo-fixed-v1,pancreas,147.23804646,170.93710087207307,29.736523406546656,7.03,120.0,,10.129
pt071,pt071-abdo-fixed,duke-3579490-abdo-fixed-v1,stomach,490.12283034,-470.09233244631474,474.8572702661456,7.03,120.0,,10.0787
pt071,pt071-abdo-fixed,duke-3579490-abdo-fixed-v1,urinary_bladder,199.61002206,45.84429924530213,87.22259544783707,7.03,120.0,,10.3043
pt076,pt076-abdo-fixed,duke-3579490-abdo-fixed-v1,liver,5336.89641162,72.70578618234725,27.592022921502515,7.03,120.0,,7.3618
pt076,pt076-abdo-fixed,duke-3579490-abdo-fixed-v1,spleen,627.22012554,55.77052404210391,27.067722922260383,7.03,120.0,,6.8857
pt076,pt076-abdo-fixed,duke-3579490-abdo-fixed-v1,pancreas,228.51571284,40.97801079550482,24.0492758671786,7.03,120.0,,7.1493
pt076,pt076-abdo-fixed,duke-3579490-abdo-fixed-v1,stomach,605.9680227,-188.2603653958455,383.0956762854256,7.03,120.0,,7.3213
pt076,pt076-abdo-fixed,duke-3579490-abdo-fixed-v1,gallbladder,76.89985452,16.316592164080987,17.555919620138628,7.03,120.0,,8.5066
pt076,pt076-abdo-fixed,duke-3579490-abdo-fixed-v1,urinary_bladder,402.62725566,7.185621374582528,47.93417941046023,7.03,120.0,,6.0492
pt080,pt080-abdo-fixed,duke-3579490-abdo-fixed-v1,liver,5854.30726554,114.82196647191803,22.838429038479607,7.03,120.0,,9.0088
pt080,pt080-abdo-fixed,duke-3579490-abdo-fixed-v1,spleen,1787.94689364,135.06446997885118,16.647572626764326,7.03,120.0,,8.0445
pt080,pt080-abdo-fixed,duke-3579490-abdo-fixed-v1,pancreas,193.18990536,101.08980531714465,22.527091468150804,7.03,120.0,,8.1183
pt080,pt080-abdo-fixed,duke-3579490-abdo-fixed-v1,stomach,2019.36429702,-195.37353240107944,375.2018441069393,7.03,120.0,,8.8395
pt080,pt080-abdo-fixed,duke-3579490-abdo-fixed-v1,gallbladder,122.02265898,40.5822354793272,23.351283233315808,7.03,120.0,,10.491
pt080,pt080-abdo-fixed,duke-3579490-abdo-fixed-v1,urinary_bladder,301.98813498,10.363554186614884,20.460395405340424,7.03,120.0,,8.5669
pt086,pt086-abdo-fixed,duke-3579490-abdo-fixed-v1,liver,5539.96541952,127.01716571812253,18.64379653549086,7.03,120.0,,10.444
pt086,pt086-abdo-fixed,duke-3579490-abdo-fixed-v1,spleen,440.32681728000006,126.5844772967265,15.52887847475917,7.03,120.0,,10.1206
pt086,pt086-abdo-fixed,duke-3579490-abdo-fixed-v1,pancreas,72.44679168,123.2596271393643,29.050389084716997,7.03,120.0,,10.478
pt086,pt086-abdo-fixed,duke-3579490-abdo-fixed-v1,stomach,717.3826560000001,-112.9337962962963,301.98677343047024,7.03,120.0,,10.2622
pt086,pt086-abdo-fixed,duke-3579490-abdo-fixed-v1,gallbladder,0.08856576000000001,84.125,12.241706376155246,7.03,120.0,,11.9231
pt086,pt086-abdo-fixed,duke-3579490-abdo-fixed-v1,urinary_bladder,42.77726208000001,-1.3486024844720497,25.514536475231434,7.03,120.0,,7.8944
pt089,pt089-abdo-fixed,duke-3579490-abdo-fixed-v1,liver,5666.57698698,132.34954654048664,22.03219938216012,7.03,120.0,,8.4792
pt089,pt089-abdo-fixed,duke-3579490-abdo-fixed-v1,spleen,338.1429969,121.8660786365675,22.77450949503017,7.03,120.0,,7.2849
pt089,pt089-abdo-fixed,duke-3579490-abdo-fixed-v1,pancreas,137.78480376,112.61226885823305,26.202919439117487,7.03,120.0,,7.4723
pt089,pt089-abdo-fixed,duke-3579490-abdo-fixed-v1,stomach,799.20848016,-247.5893381236717,419.48098526387673,7.03,120.0,,8.1769
pt089,pt089-abdo-fixed,duke-3579490-abdo-fixed-v1,gallbladder,5.02487874,66.80281690140845,30.328273560750706,7.03,120.0,,8.9466
pt089,pt089-abdo-fixed,duke-3579490-abdo-fixed-v1,urinary_bladder,513.73066104,58.002696213492875,44.22496766432094,7.03,120.0,,7.0988
pt092,pt092-abdo-fixed,duke-3579490-abdo-fixed-v1,liver,7881.919344000001,156.65669740860014,26.49515366662889,7.03,120.0,,9.6631
pt092,pt092-abdo-fixed,duke-3579490-abdo-fixed-v1,spleen,1212.869736,164.82030960000802,23.767653587085174,7.03,120.0,,7.8609
pt092,pt092-abdo-fixed,duke-3579490-abdo-fixed-v1,pancreas,276.45696000000004,133.21360035211268,29.830885129946385,7.03,120.0,,9.0819
pt092,pt092-abdo-fixed,duke-3579490-abdo-fixed-v1,stomach,663.5818800000001,83.27910516182268,132.67149071079731,7.03,120.0,,9.3367
pt092,pt092-abdo-fixed,duke-3579490-abdo-fixed-v1,gallbladder,67.78792800000001,65.64422904325974,54.57995615669152,7.03,120.0,,11.8356
pt093,pt093-abdo-fixed,duke-3579490-abdo-fixed-v1,liver,6250.261644,121.5868715626011,26.060167194744857,7.03,120.0,,7.3183
pt093,pt093-abdo-fixed,duke-3579490-abdo-fixed-v1,spleen,1160.96941818,119.79770789608897,28.660551590752046,7.03,120.0,,7.3421
pt093,pt093-abdo-fixed,duke-3579490-abdo-fixed-v1,pancreas,142.22327814,109.15639439823701,29.246514937330872,7.03,120.0,,7.3063
pt093,pt093-abdo-fixed,duke-3579490-abdo-fixed-v1,stomach,734.18836914,69.79846316978119,96.41766676233466,7.03,120.0,,7.3527
pt093,pt093-abdo-fixed,duke-3579490-abdo-fixed-v1,gallbladder,8.40175902,53.338146811071,24.799459951664485,7.03,120.0,,8.697
pt093,pt093-abdo-fixed,duke-3579490-abdo-fixed-v1,urinary_bladder,148.14798426000002,44.02374940285266,34.92721637850027,7.03,120.0,,7.9057
pt096,pt096-abdo-fixed,duke-3579490-abdo-fixed-v1,liver,5097.750528,112.09796973729037,22.060721465887898,7.03,120.0,,7.0059
pt096,pt096-abdo-fixed,duke-3579490-abdo-fixed-v1,spleen,504.46335999999997,110.56638518999675,26.944613664758435,7.03,120.0,,6.9265
pt096,pt096-abdo-fixed,duke-3579490-abdo-fixed-v1,pancreas,216.064,69.68250236966824,31.570501124092058,7.03,120.0,,6.6577
pt096,pt096-abdo-fixed,duke-3579490-abdo-fixed-v1,stomach,630.472704,-8.001260362256698,174.38938353272448,7.03,120.0,,7.21
pt096,pt096-abdo-fixed,duke-3579490-abdo-fixed-v1,gallbladder,36.192256,31.185830692621096,22.05321167287392,7.03,120.0,,7.9955
pt096,pt096-abdo-fixed,duke-3579490-abdo-fixed-v1,urinary_bladder,297.959424,11.9925217200044,24.144554838947442,7.03,120.0,,5.9428
pt106,pt106-abdo-fixed,duke-3579490-abdo-fixed-v1,liver,7739.8996536,113.38069800152377,25.94333228857484,7.03,120.0,,8.3371
pt106,pt106-abdo-fixed,duke-3579490-abdo-fixed-v1,spleen,417.72687048,146.5005700944728,27.609527288036755,7.03,120.0,,7.7944
pt106,pt106-abdo-fixed,duke-3579490-abdo-fixed-v1,pancreas,283.36841784,107.20349767888587,28.896319614615354,7.03,120.0,,8.4299
pt106,pt106-abdo-fixed,duke-3579490-abdo-fixed-v1,stomach,2073.2117076,-60.45829777923641,280.87953263548684,7.03,120.0,,8.6224
pt106,pt106-abdo-fixed,duke-3579490-abdo-fixed-v1,gallbladder,44.58958776,37.44633774160732,29.922728891075078,7.03,120.0,,9.5683
pt117,pt117-abdo-fixed,duke-3579490-abdo-fixed-v1,liver,4438.958079999999,139.27668330672768,26.93005409708162,7.03,120.0,,6.9947
pt117,pt117-abdo-fixed,duke-3579490-abdo-fixed-v1,spleen,272.695296,140.81744172074022,33.180276877269655,7.03,120.0,,6.7878
pt117,pt117-abdo-fixed,duke-3579490-abdo-fixed-v1,pancreas,169.877504,99.14982880841009,34.856644313377714,7.03,120.0,,6.6652
pt117,pt117-abdo-fixed,duke-3579490-abdo-fixed-v1,stomach,623.640576,-174.19694461958807,414.25409384095866,7.03,120.0,,7.0911
pt117,pt117-abdo-fixed,duke-3579490-abdo-fixed-v1,gallbladder,51.953663999999996,27.187480290129297,24.121303630973628,7.03,120.0,,8.2967
pt117,pt117-abdo-fixed,duke-3579490-abdo-fixed-v1,urinary_bladder,113.475584,27.757002598902684,28.360695602613482,7.03,120.0,,5.7854
